 2024/8/30 0:0:0, 29.30, 76.0
 2024/8/30 0:10:0, 27.40, 80.0
 2024/8/30 0:20:0, 27.0, 81.0
 2024/8/30 0:30:0, 26.90, 82.0
 2024/8/30 0:40:0, 26.90, 83.0
 2024/8/30 0:50:0, 26.90, 83.0
 2024/8/30 1:0:0, 26.90, 84.0
 2024/8/30 1:10:0, 26.80, 84.0
 2024/8/30 1:20:0, 26.90, 84.0
 2024/8/30 1:30:0, 26.90, 84.0
 2024/8/30 1:40:0, 26.90, 84.0
 2024/8/30 1:50:0, 26.90, 84.0
 2024/8/30 2:0:0, 26.90, 84.0
 2024/8/30 2:10:0, 26.90, 84.0
 2024/8/30 2:20:0, 26.90, 85.0
 2024/8/30 2:30:0, 27.0, 84.0
 2024/8/30 2:40:0, 27.0, 84.0
 2024/8/30 2:50:0, 26.90, 85.0
 2024/8/30 3:0:0, 26.90, 85.0
 2024/8/30 3:10:0, 26.90, 85.0
 2024/8/30 3:20:0, 27.0, 85.0
 2024/8/30 3:30:0, 27.0, 85.0
 2024/8/30 3:40:0, 27.0, 85.0
 2024/8/30 3:50:0, 27.0, 85.0
 2024/8/30 4:0:0, 27.0, 85.0
 2024/8/30 4:10:0, 27.0, 85.0
 2024/8/30 4:20:0, 27.0, 85.0
 2024/8/30 4:30:0, 27.0, 85.0
 2024/8/30 4:40:0, 26.90, 84.0
 2024/8/30 4:50:0, 26.90, 84.0
 2024/8/30 5:0:0, 27.0, 84.0
 2024/8/30 5:10:0, 27.0, 84.0
 2024/8/30 5:20:0, 27.0, 84.0
 2024/8/30 5:30:0, 27.0, 84.0
 2024/8/30 5:40:0, 27.0, 84.0
 2024/8/30 5:50:0, 27.20, 84.0
 2024/8/30 6:0:0, 27.10, 84.0
 2024/8/30 6:10:0, 27.0, 84.0
 2024/8/30 6:20:0, 27.10, 84.0
 2024/8/30 6:30:0, 27.10, 84.0
 2024/8/30 6:40:0, 27.10, 84.0
 2024/8/30 6:50:0, 27.40, 83.0
 2024/8/30 7:0:0, 27.30, 84.0
 2024/8/30 7:10:0, 27.30, 84.0
 2024/8/30 7:20:0, 27.40, 84.0
 2024/8/30 7:30:0, 27.20, 82.0
 2024/8/30 7:40:0, 27.0, 80.0
 2024/8/30 7:50:0, 26.60, 81.0
 2024/8/30 8:0:0, 26.30, 80.0
 2024/8/30 8:10:0, 26.0, 80.0
 2024/8/30 8:20:0, 25.90, 80.0
 2024/8/30 8:30:0, 25.80, 80.0
 2024/8/30 8:40:0, 25.80, 80.0
 2024/8/30 8:50:0, 25.80, 80.0
 2024/8/30 9:0:0, 25.80, 80.0
 2024/8/30 9:10:0, 25.70, 80.0
 2024/8/30 9:20:0, 25.70, 81.0
 2024/8/30 9:30:0, 25.70, 81.0
 2024/8/30 9:40:0, 25.70, 81.0
 2024/8/30 9:50:0, 25.70, 81.0
 2024/8/30 10:0:0, 25.70, 81.0
 2024/8/30 10:10:0, 25.70, 78.0
 2024/8/30 10:20:0, 25.60, 77.0
 2024/8/30 10:30:0, 25.70, 79.0
 2024/8/30 10:40:0, 25.80, 79.0
 2024/8/30 10:50:0, 25.80, 78.0
 2024/8/30 11:0:0, 25.90, 78.0
 2024/8/30 11:10:0, 25.90, 77.0
 2024/8/30 11:20:0, 26.0, 76.0
 2024/8/30 11:30:0, 26.0, 77.0
 2024/8/30 11:40:0, 26.0, 78.0
 2024/8/30 11:50:0, 26.0, 78.0
 2024/8/30 12:0:0, 26.30, 77.0
 2024/8/30 12:10:0, 26.60, 78.0
 2024/8/30 12:20:0, 26.80, 78.0
 2024/8/30 12:30:0, 26.90, 80.0
 2024/8/30 12:40:0, 27.10, 80.0
 2024/8/30 12:50:0, 27.10, 80.0
 2024/8/30 13:0:0, 27.10, 80.0
 2024/8/30 13:10:0, 27.20, 79.0
 2024/8/30 13:20:0, 27.40, 78.0
 2024/8/30 13:30:0, 27.30, 79.0
 2024/8/30 13:40:0, 27.40, 80.0
 2024/8/30 13:50:0, 27.50, 80.0
 2024/8/30 14:0:0, 27.50, 81.0
 2024/8/30 14:10:0, 27.60, 81.0
 2024/8/30 14:20:0, 27.60, 81.0
 2024/8/30 14:30:0, 27.40, 81.0
 2024/8/30 14:40:0, 27.30, 81.0
 2024/8/30 14:50:0, 27.20, 78.0
 2024/8/30 15:0:0, 27.10, 78.0
 2024/8/30 15:10:0, 27.0, 78.0
 2024/8/30 15:20:0, 27.0, 78.0
 2024/8/30 15:30:0, 26.90, 79.0
 2024/8/30 15:40:0, 26.90, 79.0
 2024/8/30 15:50:0, 26.90, 78.0
 2024/8/30 16:0:0, 26.90, 78.0
 2024/8/30 16:10:0, 26.90, 78.0
 2024/8/30 16:20:0, 26.80, 78.0
 2024/8/30 16:30:0, 26.90, 78.0
 2024/8/30 16:40:0, 26.90, 78.0
 2024/8/30 16:50:0, 26.90, 78.0
 2024/8/30 17:0:0, 26.90, 78.0
 2024/8/30 17:10:0, 26.90, 79.0
 2024/8/30 17:20:0, 26.90, 79.0
 2024/8/30 17:30:0, 27.0, 79.0
 2024/8/30 17:40:0, 27.0, 79.0
 2024/8/30 17:50:0, 27.0, 78.0
 2024/8/30 18:0:0, 27.0, 77.0
 2024/8/30 18:10:0, 27.10, 77.0
 2024/8/30 18:20:0, 27.10, 76.0
 2024/8/30 18:30:0, 27.20, 76.0
 2024/8/30 18:40:0, 27.20, 75.0
 2024/8/30 18:50:0, 27.90, 76.0
 2024/8/30 19:0:0, 28.40, 75.0
 2024/8/30 19:10:0, 27.50, 75.0
 2024/8/30 19:20:0, 27.20, 76.0
 2024/8/30 19:30:0, 27.0, 76.0
 2024/8/30 19:40:0, 26.90, 76.0
 2024/8/30 19:50:0, 26.90, 77.0
 2024/8/30 20:0:0, 26.90, 77.0
 2024/8/30 20:10:0, 26.90, 78.0
 2024/8/30 20:20:0, 26.90, 78.0
 2024/8/30 20:30:0, 26.90, 78.0
 2024/8/30 20:40:0, 26.90, 78.0
 2024/8/30 20:50:0, 28.90, 77.0
 2024/8/30 21:0:0, 27.80, 75.0
 2024/8/30 21:10:0, 27.30, 76.0
 2024/8/30 21:20:0, 27.0, 77.0
 2024/8/30 21:30:0, 27.0, 77.0
 2024/8/30 21:40:0, 26.90, 77.0
 2024/8/30 21:50:0, 26.90, 76.0
 2024/8/30 22:0:0, 26.90, 76.0
 2024/8/30 22:10:0, 26.90, 77.0
 2024/8/30 22:20:0, 27.0, 78.0
 2024/8/30 22:30:0, 27.10, 78.0
 2024/8/30 22:40:0, 27.10, 78.0
 2024/8/30 22:50:0, 27.10, 78.0
 2024/8/30 23:0:0, 27.20, 78.0
 2024/8/30 23:10:0, 27.20, 78.0
 2024/8/30 23:20:0, 27.30, 79.0
 2024/8/30 23:30:0, 27.40, 81.0
 2024/8/30 23:40:0, 27.50, 82.0
 2024/8/30 23:50:0, 27.50, 82.0
 2024/8/31 0:0:0, 27.50, 83.0
 2024/8/31 0:10:0, 27.70, 82.0
 2024/8/31 0:20:0, 27.60, 82.0
 2024/8/31 0:30:0, 27.50, 83.0
 2024/8/31 0:40:0, 27.50, 83.0
 2024/8/31 0:50:0, 27.50, 83.0
 2024/8/31 1:0:0, 27.50, 83.0
 2024/8/31 1:10:0, 27.50, 83.0
 2024/8/31 1:20:0, 27.50, 83.0
 2024/8/31 1:30:0, 27.50, 83.0
 2024/8/31 1:40:0, 27.50, 82.0
 2024/8/31 1:50:0, 27.50, 83.0
 2024/8/31 2:0:0, 27.50, 83.0
 2024/8/31 2:10:0, 27.50, 82.0
 2024/8/31 2:20:0, 27.50, 82.0
 2024/8/31 2:30:0, 27.50, 82.0
 2024/8/31 2:40:0, 27.50, 81.0
 2024/8/31 2:50:0, 27.50, 81.0
 2024/8/31 3:0:0, 27.50, 81.0
 2024/8/31 3:10:0, 27.50, 81.0
 2024/8/31 3:20:0, 27.50, 81.0
 2024/8/31 3:30:0, 27.50, 80.0
 2024/8/31 3:40:0, 27.50, 80.0
 2024/8/31 3:50:0, 27.40, 80.0
 2024/8/31 4:0:0, 27.40, 80.0
 2024/8/31 4:10:0, 27.40, 80.0
 2024/8/31 4:20:0, 27.40, 80.0
 2024/8/31 4:30:0, 27.40, 79.0
 2024/8/31 4:40:0, 27.40, 79.0
 2024/8/31 4:50:0, 27.40, 79.0
 2024/8/31 5:0:0, 27.40, 79.0
 2024/8/31 5:10:0, 27.40, 79.0
 2024/8/31 5:20:0, 27.40, 78.0
 2024/8/31 5:30:0, 27.40, 78.0
 2024/8/31 5:40:0, 27.40, 78.0
 2024/8/31 5:50:0, 27.40, 78.0
 2024/8/31 6:0:0, 27.40, 78.0
 2024/8/31 6:10:0, 27.40, 78.0
 2024/8/31 6:20:0, 27.40, 78.0
 2024/8/31 6:30:0, 27.40, 78.0
 2024/8/31 6:40:0, 27.40, 78.0
 2024/8/31 6:50:0, 27.40, 77.0
 2024/8/31 7:0:0, 27.30, 77.0
 2024/8/31 7:10:0, 27.30, 76.0
 2024/8/31 7:20:0, 27.20, 75.0
 2024/8/31 7:30:0, 27.20, 75.0
 2024/8/31 7:40:0, 27.10, 74.0
 2024/8/31 7:50:0, 27.0, 74.0
 2024/8/31 8:0:0, 27.0, 74.0
 2024/8/31 8:10:0, 27.0, 74.0
 2024/8/31 8:20:0, 27.0, 74.0
 2024/8/31 8:30:0, 27.0, 73.0
 2024/8/31 8:40:0, 27.0, 74.0
 2024/8/31 8:50:0, 26.90, 74.0
 2024/8/31 9:0:0, 26.90, 74.0
 2024/8/31 9:10:0, 27.0, 75.0
 2024/8/31 9:20:0, 27.0, 75.0
 2024/8/31 9:30:0, 27.0, 75.0
 2024/8/31 9:40:0, 27.0, 75.0
 2024/8/31 9:50:0, 27.0, 75.0
 2024/8/31 10:0:0, 26.90, 75.0
 2024/8/31 10:10:0, 27.0, 75.0
 2024/8/31 10:20:0, 27.0, 75.0
 2024/8/31 10:30:0, 26.90, 75.0
 2024/8/31 10:40:0, 26.90, 75.0
 2024/8/31 10:50:0, 26.90, 75.0
 2024/8/31 11:0:0, 27.0, 75.0
 2024/8/31 11:10:0, 26.90, 75.0
 2024/8/31 11:20:0, 27.0, 74.0
 2024/8/31 11:30:0, 27.10, 75.0
 2024/8/31 11:40:0, 27.10, 75.0
 2024/8/31 11:50:0, 27.10, 72.0
 2024/8/31 12:0:0, 27.10, 70.0
 2024/8/31 12:10:0, 27.10, 68.0
 2024/8/31 12:20:0, 27.10, 68.0
 2024/8/31 12:30:0, 27.20, 69.0
 2024/8/31 12:40:0, 27.30, 70.0
 2024/8/31 12:50:0, 27.40, 70.0
 2024/8/31 13:0:0, 27.50, 70.0
 2024/8/31 13:10:0, 27.60, 69.0
 2024/8/31 13:20:0, 27.70, 71.0
 2024/8/31 13:30:0, 27.80, 72.0
 2024/8/31 13:40:0, 27.80, 73.0
 2024/8/31 13:50:0, 27.90, 74.0
 2024/8/31 14:0:0, 27.90, 75.0
 2024/8/31 14:10:0, 27.90, 74.0
 2024/8/31 14:20:0, 27.80, 71.0
 2024/8/31 14:30:0, 27.80, 71.0
 2024/8/31 14:40:0, 27.80, 71.0
 2024/8/31 14:50:0, 27.80, 69.0
 2024/8/31 15:0:0, 27.80, 70.0
 2024/8/31 15:10:0, 27.80, 70.0
 2024/8/31 15:20:0, 27.80, 71.0
 2024/8/31 15:30:0, 27.80, 71.0
 2024/8/31 15:40:0, 27.80, 72.0
 2024/8/31 15:50:0, 27.80, 73.0
 2024/8/31 16:0:0, 27.90, 73.0
 2024/8/31 16:10:0, 27.90, 73.0
 2024/8/31 16:20:0, 27.90, 73.0
 2024/8/31 16:30:0, 27.90, 74.0
 2024/8/31 16:40:0, 28.0, 74.0
 2024/8/31 16:50:0, 27.90, 74.0
 2024/8/31 17:0:0, 27.90, 75.0
 2024/8/31 17:10:0, 27.90, 74.0
 2024/8/31 17:20:0, 27.80, 72.0
 2024/8/31 17:30:0, 27.80, 72.0
 2024/8/31 17:40:0, 27.80, 71.0
 2024/8/31 17:50:0, 27.80, 71.0
 2024/8/31 18:0:0, 27.80, 71.0
 2024/8/31 18:10:0, 27.80, 71.0
 2024/8/31 18:20:0, 27.80, 72.0
 2024/8/31 18:30:0, 27.80, 72.0
 2024/8/31 18:40:0, 27.70, 73.0
 2024/8/31 18:50:0, 27.60, 73.0
 2024/8/31 19:0:0, 27.60, 74.0
 2024/8/31 19:10:0, 27.60, 74.0
 2024/8/31 19:20:0, 27.60, 74.0
 2024/8/31 19:30:0, 27.60, 74.0
 2024/8/31 19:40:0, 27.80, 75.0
 2024/8/31 19:50:0, 27.80, 76.0
 2024/8/31 20:0:0, 27.90, 77.0
 2024/8/31 20:10:0, 27.90, 78.0
 2024/8/31 20:20:0, 27.90, 78.0
 2024/8/31 20:30:0, 27.90, 78.0
 2024/8/31 20:40:0, 27.90, 78.0
 2024/8/31 20:50:0, 27.90, 78.0
 2024/8/31 21:0:0, 27.80, 77.0
 2024/8/31 21:10:0, 27.90, 77.0
 2024/8/31 21:20:0, 27.90, 78.0
 2024/8/31 21:30:0, 27.90, 78.0
 2024/8/31 21:40:0, 27.90, 76.0
 2024/8/31 21:50:0, 27.90, 75.0
 2024/8/31 22:0:0, 27.90, 75.0
 2024/8/31 22:10:0, 27.90, 74.0
 2024/8/31 22:20:0, 27.90, 75.0
 2024/8/31 22:30:0, 27.90, 75.0
 2024/8/31 22:40:0, 28.0, 74.0
 2024/8/31 22:50:0, 28.0, 74.0
 2024/8/31 23:0:0, 28.10, 75.0
 2024/8/31 23:10:0, 28.10, 75.0
 2024/8/31 23:20:0, 28.20, 75.0
 2024/8/31 23:30:0, 28.20, 75.0
 2024/8/31 23:40:0, 28.30, 76.0
 2024/8/31 23:50:0, 28.30, 76.0
 2024/9/1 0:0:0, 28.30, 76.0
 2024/9/1 0:10:0, 28.60, 77.0
 2024/9/1 0:20:0, 28.40, 77.0
 2024/9/1 0:30:0, 28.30, 77.0
 2024/9/1 0:40:0, 28.30, 77.0
 2024/9/1 0:50:0, 28.30, 77.0
 2024/9/1 1:0:0, 28.30, 77.0
 2024/9/1 1:10:0, 28.30, 77.0
 2024/9/1 1:20:0, 28.30, 77.0
 2024/9/1 1:30:0, 28.30, 77.0
 2024/9/1 1:40:0, 28.30, 77.0
 2024/9/1 1:50:0, 28.20, 77.0
 2024/9/1 2:0:0, 28.20, 77.0
 2024/9/1 2:10:0, 28.30, 77.0
 2024/9/1 2:20:0, 28.30, 78.0
 2024/9/1 2:30:0, 28.30, 77.0
 2024/9/1 2:40:0, 28.30, 77.0
 2024/9/1 2:50:0, 28.20, 76.0
 2024/9/1 3:0:0, 28.20, 76.0
 2024/9/1 3:10:0, 28.10, 75.0
 2024/9/1 3:20:0, 28.0, 74.0
 2024/9/1 3:30:0, 27.90, 74.0
 2024/9/1 3:40:0, 27.90, 74.0
 2024/9/1 3:50:0, 27.90, 74.0
 2024/9/1 4:0:0, 27.90, 74.0
 2024/9/1 4:10:0, 27.90, 74.0
 2024/9/1 4:20:0, 27.90, 74.0
 2024/9/1 4:30:0, 28.0, 74.0
 2024/9/1 4:40:0, 28.0, 74.0
 2024/9/1 4:50:0, 28.0, 74.0
 2024/9/1 5:0:0, 27.90, 75.0
 2024/9/1 5:10:0, 27.90, 74.0
 2024/9/1 5:20:0, 27.90, 74.0
 2024/9/1 5:30:0, 27.90, 74.0
 2024/9/1 5:40:0, 27.90, 74.0
 2024/9/1 5:50:0, 27.90, 74.0
 2024/9/1 6:0:0, 27.90, 74.0
 2024/9/1 6:10:0, 27.90, 74.0
 2024/9/1 6:20:0, 27.80, 74.0
 2024/9/1 6:30:0, 27.80, 74.0
 2024/9/1 6:40:0, 27.80, 74.0
 2024/9/1 6:50:0, 27.80, 74.0
 2024/9/1 7:0:0, 27.70, 74.0
 2024/9/1 7:10:0, 27.50, 74.0
 2024/9/1 7:20:0, 27.20, 74.0
 2024/9/1 7:30:0, 27.0, 74.0
 2024/9/1 7:40:0, 26.60, 74.0
 2024/9/1 7:50:0, 26.40, 75.0
 2024/9/1 8:0:0, 26.50, 75.0
 2024/9/1 8:10:0, 26.60, 75.0
 2024/9/1 8:20:0, 26.70, 75.0
 2024/9/1 8:30:0, 26.70, 75.0
 2024/9/1 8:40:0, 26.80, 76.0
 2024/9/1 8:50:0, 26.80, 77.0
 2024/9/1 9:0:0, 26.80, 76.0
 2024/9/1 9:10:0, 26.60, 76.0
 2024/9/1 9:20:0, 26.80, 77.0
 2024/9/1 9:30:0, 27.0, 77.0
 2024/9/1 9:40:0, 27.10, 76.0
 2024/9/1 9:50:0, 27.20, 76.0
 2024/9/1 10:0:0, 27.30, 75.0
 2024/9/1 10:10:0, 27.40, 74.0
 2024/9/1 10:20:0, 27.40, 73.0
 2024/9/1 10:30:0, 27.40, 72.0
 2024/9/1 10:40:0, 27.40, 72.0
 2024/9/1 10:50:0, 27.30, 71.0
 2024/9/1 11:0:0, 27.40, 71.0
 2024/9/1 11:10:0, 27.50, 70.0
 2024/9/1 11:20:0, 27.50, 70.0
 2024/9/1 11:30:0, 27.60, 70.0
 2024/9/1 11:40:0, 27.60, 70.0
 2024/9/1 11:50:0, 27.70, 71.0
 2024/9/1 12:0:0, 27.80, 70.0
 2024/9/1 12:10:0, 27.90, 70.0
 2024/9/1 12:20:0, 28.0, 70.0
 2024/9/1 12:30:0, 28.10, 70.0
 2024/9/1 12:40:0, 28.10, 70.0
 2024/9/1 12:50:0, 28.10, 69.0
 2024/9/1 13:0:0, 28.10, 69.0
 2024/9/1 13:10:0, 28.10, 67.0
 2024/9/1 13:20:0, 28.10, 68.0
 2024/9/1 13:30:0, 28.0, 68.0
 2024/9/1 13:40:0, 28.10, 68.0
 2024/9/1 13:50:0, 28.10, 68.0
 2024/9/1 14:0:0, 28.10, 68.0
 2024/9/1 14:10:0, 28.20, 69.0
 2024/9/1 14:20:0, 28.10, 69.0
 2024/9/1 14:30:0, 28.0, 68.0
 2024/9/1 14:40:0, 28.0, 67.0
 2024/9/1 14:50:0, 28.0, 67.0
 2024/9/1 15:0:0, 28.0, 67.0
 2024/9/1 15:10:0, 28.0, 66.0
 2024/9/1 15:20:0, 28.0, 65.0
 2024/9/1 15:30:0, 28.0, 65.0
 2024/9/1 15:40:0, 28.0, 66.0
 2024/9/1 15:50:0, 28.0, 66.0
 2024/9/1 16:0:0, 28.0, 66.0
 2024/9/1 16:10:0, 28.0, 65.0
 2024/9/1 16:20:0, 28.0, 65.0
 2024/9/1 16:30:0, 28.0, 66.0
 2024/9/1 16:40:0, 28.10, 66.0
 2024/9/1 16:50:0, 28.20, 67.0
 2024/9/1 17:0:0, 28.20, 68.0
 2024/9/1 17:10:0, 28.10, 65.0
 2024/9/1 17:20:0, 28.10, 64.0
 2024/9/1 17:30:0, 28.0, 63.0
 2024/9/1 17:40:0, 27.90, 62.0
 2024/9/1 17:50:0, 27.90, 62.0
 2024/9/1 18:0:0, 27.90, 62.0
 2024/9/1 18:10:0, 27.90, 62.0
 2024/9/1 18:20:0, 27.90, 62.0
 2024/9/1 18:30:0, 27.80, 62.0
 2024/9/1 18:40:0, 27.80, 63.0
 2024/9/1 18:50:0, 27.80, 63.0
 2024/9/1 19:0:0, 27.80, 63.0
 2024/9/1 19:10:0, 27.80, 63.0
 2024/9/1 19:20:0, 27.80, 63.0
 2024/9/1 19:30:0, 27.80, 63.0
 2024/9/1 19:40:0, 27.70, 63.0
 2024/9/1 19:50:0, 27.70, 63.0
 2024/9/1 20:0:0, 27.60, 63.0
 2024/9/1 20:10:0, 27.60, 63.0
 2024/9/1 20:20:0, 27.50, 63.0
 2024/9/1 20:30:0, 27.50, 63.0
 2024/9/1 20:40:0, 27.50, 63.0
 2024/9/1 20:50:0, 27.70, 64.0
 2024/9/1 21:0:0, 27.70, 64.0
 2024/9/1 21:10:0, 27.80, 65.0
 2024/9/1 21:20:0, 27.80, 65.0
 2024/9/1 21:30:0, 27.80, 65.0
 2024/9/1 21:40:0, 27.80, 65.0
 2024/9/1 21:50:0, 27.80, 65.0
 2024/9/1 22:0:0, 27.80, 66.0
 2024/9/1 22:10:0, 27.80, 66.0
 2024/9/1 22:20:0, 27.90, 67.0
 2024/9/1 22:30:0, 28.0, 67.0
 2024/9/1 22:40:0, 27.90, 66.0
 2024/9/1 22:50:0, 27.70, 65.0
 2024/9/1 23:0:0, 27.70, 66.0
 2024/9/1 23:10:0, 27.70, 67.0
 2024/9/1 23:20:0, 27.50, 66.0
 2024/9/1 23:30:0, 27.30, 65.0
 2024/9/1 23:40:0, 26.80, 66.0
 2024/9/1 23:50:0, 27.10, 67.0
 2024/9/2 0:0:0, 27.20, 68.0
 2024/9/2 0:10:0, 27.40, 69.0
 2024/9/2 0:20:0, 27.30, 68.0
 2024/9/2 0:30:0, 27.40, 68.0
 2024/9/2 0:40:0, 27.40, 68.0
 2024/9/2 0:50:0, 27.40, 68.0
 2024/9/2 1:0:0, 27.50, 68.0
 2024/9/2 1:10:0, 27.50, 68.0
 2024/9/2 1:20:0, 27.40, 68.0
 2024/9/2 1:30:0, 27.40, 68.0
 2024/9/2 1:40:0, 27.40, 68.0
 2024/9/2 1:50:0, 27.40, 68.0
 2024/9/2 2:0:0, 27.40, 68.0
 2024/9/2 2:10:0, 27.40, 68.0
 2024/9/2 2:20:0, 27.40, 68.0
 2024/9/2 2:30:0, 27.40, 67.0
 2024/9/2 2:40:0, 27.30, 67.0
 2024/9/2 2:50:0, 27.30, 68.0
 2024/9/2 3:0:0, 27.30, 67.0
 2024/9/2 3:10:0, 27.20, 67.0
 2024/9/2 3:20:0, 27.20, 67.0
 2024/9/2 3:30:0, 27.20, 68.0
 2024/9/2 3:40:0, 27.30, 68.0
 2024/9/2 3:50:0, 27.30, 68.0
 2024/9/2 4:0:0, 27.30, 68.0
 2024/9/2 4:10:0, 27.30, 68.0
 2024/9/2 4:20:0, 27.30, 67.0
 2024/9/2 4:30:0, 27.30, 67.0
 2024/9/2 4:40:0, 27.30, 67.0
 2024/9/2 4:50:0, 27.30, 67.0
 2024/9/2 5:0:0, 27.30, 67.0
 2024/9/2 5:10:0, 27.30, 67.0
 2024/9/2 5:20:0, 27.20, 67.0
 2024/9/2 5:30:0, 27.30, 67.0
 2024/9/2 5:40:0, 27.30, 67.0
 2024/9/2 5:50:0, 27.30, 67.0
 2024/9/2 6:0:0, 27.30, 67.0
 2024/9/2 6:10:0, 27.30, 67.0
 2024/9/2 6:20:0, 27.20, 66.0
 2024/9/2 6:30:0, 27.20, 66.0
 2024/9/2 6:40:0, 27.10, 66.0
 2024/9/2 6:50:0, 27.10, 66.0
 2024/9/2 7:0:0, 27.0, 66.0
 2024/9/2 7:10:0, 26.80, 65.0
 2024/9/2 7:20:0, 26.80, 67.0
 2024/9/2 7:30:0, 26.90, 67.0
 2024/9/2 7:40:0, 26.90, 67.0
 2024/9/2 7:50:0, 26.80, 67.0
 2024/9/2 8:0:0, 26.90, 68.0
 2024/9/2 8:10:0, 26.90, 68.0
 2024/9/2 8:20:0, 26.90, 68.0
 2024/9/2 8:30:0, 26.90, 68.0
 2024/9/2 8:40:0, 26.90, 67.0
 2024/9/2 8:50:0, 26.90, 67.0
 2024/9/2 9:0:0, 26.80, 67.0
 2024/9/2 9:10:0, 26.80, 67.0
 2024/9/2 9:20:0, 26.70, 66.0
 2024/9/2 9:30:0, 26.70, 66.0
 2024/9/2 9:40:0, 26.60, 66.0
 2024/9/2 9:50:0, 26.60, 67.0
 2024/9/2 10:0:0, 26.70, 66.0
 2024/9/2 10:10:0, 26.60, 64.0
 2024/9/2 10:20:0, 26.60, 63.0
 2024/9/2 10:30:0, 26.60, 63.0
 2024/9/2 10:40:0, 26.60, 63.0
 2024/9/2 10:50:0, 26.70, 64.0
 2024/9/2 11:0:0, 26.70, 64.0
 2024/9/2 11:10:0, 26.70, 64.0
 2024/9/2 11:20:0, 26.80, 64.0
 2024/9/2 11:30:0, 26.90, 65.0
 2024/9/2 11:40:0, 27.0, 65.0
 2024/9/2 11:50:0, 27.10, 66.0
 2024/9/2 12:0:0, 27.10, 68.0
 2024/9/2 12:10:0, 27.20, 68.0
 2024/9/2 12:20:0, 27.30, 67.0
 2024/9/2 12:30:0, 27.30, 68.0
 2024/9/2 12:40:0, 27.30, 67.0
 2024/9/2 12:50:0, 27.30, 68.0
 2024/9/2 13:0:0, 27.40, 68.0
 2024/9/2 13:10:0, 27.40, 68.0
 2024/9/2 13:20:0, 27.40, 68.0
 2024/9/2 13:30:0, 27.50, 68.0
 2024/9/2 13:40:0, 27.40, 69.0
 2024/9/2 13:50:0, 27.40, 69.0
 2024/9/2 14:0:0, 27.40, 69.0
 2024/9/2 14:10:0, 27.50, 70.0
 2024/9/2 14:20:0, 27.40, 71.0
 2024/9/2 14:30:0, 27.30, 70.0
 2024/9/2 14:40:0, 27.30, 71.0
 2024/9/2 14:50:0, 27.10, 70.0
 2024/9/2 15:0:0, 27.10, 70.0
 2024/9/2 15:10:0, 27.10, 71.0
 2024/9/2 15:20:0, 27.10, 71.0
 2024/9/2 15:30:0, 27.0, 71.0
 2024/9/2 15:40:0, 27.0, 70.0
 2024/9/2 15:50:0, 27.0, 70.0
 2024/9/2 16:0:0, 26.90, 69.0
 2024/9/2 16:10:0, 26.90, 69.0
 2024/9/2 16:20:0, 26.80, 69.0
 2024/9/2 16:30:0, 26.80, 69.0
 2024/9/2 16:40:0, 26.80, 69.0
 2024/9/2 16:50:0, 26.80, 69.0
 2024/9/2 17:0:0, 26.80, 69.0
 2024/9/2 17:10:0, 26.80, 70.0
 2024/9/2 17:20:0, 26.90, 70.0
 2024/9/2 17:30:0, 27.0, 71.0
 2024/9/2 17:40:0, 27.0, 71.0
 2024/9/2 17:50:0, 27.0, 71.0
 2024/9/2 18:0:0, 26.90, 70.0
 2024/9/2 18:10:0, 26.90, 70.0
 2024/9/2 18:20:0, 26.80, 69.0
 2024/9/2 18:30:0, 26.80, 68.0
 2024/9/2 18:40:0, 26.70, 69.0
 2024/9/2 18:50:0, 26.80, 69.0
 2024/9/2 19:0:0, 26.70, 68.0
 2024/9/2 19:10:0, 26.60, 68.0
 2024/9/2 19:20:0, 26.50, 68.0
 2024/9/2 19:30:0, 26.50, 68.0
 2024/9/2 19:40:0, 26.40, 68.0
 2024/9/2 19:50:0, 26.40, 67.0
 2024/9/2 20:0:0, 26.40, 67.0
 2024/9/2 20:10:0, 26.40, 67.0
 2024/9/2 20:20:0, 26.30, 67.0
 2024/9/2 20:30:0, 26.30, 67.0
 2024/9/2 20:40:0, 26.30, 67.0
 2024/9/2 20:50:0, 26.20, 67.0
 2024/9/2 21:0:0, 26.20, 67.0
 2024/9/2 21:10:0, 26.20, 67.0
 2024/9/2 21:20:0, 26.20, 67.0
 2024/9/2 21:30:0, 26.20, 67.0
 2024/9/2 21:40:0, 26.20, 67.0
 2024/9/2 21:50:0, 26.30, 69.0
 2024/9/2 22:0:0, 26.40, 69.0
 2024/9/2 22:10:0, 26.50, 68.0
 2024/9/2 22:20:0, 26.50, 68.0
 2024/9/2 22:30:0, 26.50, 68.0
 2024/9/2 22:40:0, 26.70, 69.0
 2024/9/2 22:50:0, 26.80, 68.0
 2024/9/2 23:0:0, 26.70, 69.0
 2024/9/2 23:10:0, 26.70, 68.0
 2024/9/2 23:20:0, 26.60, 68.0
 2024/9/2 23:30:0, 26.70, 69.0
 2024/9/2 23:40:0, 26.70, 69.0
 2024/9/2 23:50:0, 26.70, 70.0
 2024/9/3 0:0:0, 26.80, 71.0
 2024/9/3 0:10:0, 26.80, 71.0
 2024/9/3 0:20:0, 26.80, 71.0
 2024/9/3 0:30:0, 26.80, 71.0
 2024/9/3 0:40:0, 26.80, 71.0
 2024/9/3 0:50:0, 26.80, 70.0
 2024/9/3 1:0:0, 26.80, 70.0
 2024/9/3 1:10:0, 26.80, 70.0
 2024/9/3 1:20:0, 26.80, 70.0
 2024/9/3 1:30:0, 26.80, 70.0
 2024/9/3 1:40:0, 26.80, 70.0
 2024/9/3 1:50:0, 26.80, 69.0
 2024/9/3 2:0:0, 26.80, 69.0
 2024/9/3 2:10:0, 26.80, 69.0
 2024/9/3 2:20:0, 26.80, 69.0
 2024/9/3 2:30:0, 26.80, 69.0
 2024/9/3 2:40:0, 26.80, 70.0
 2024/9/3 2:50:0, 26.80, 70.0
 2024/9/3 3:0:0, 26.70, 68.0
 2024/9/3 3:10:0, 26.60, 67.0
 2024/9/3 3:20:0, 26.60, 66.0
 2024/9/3 3:30:0, 26.50, 66.0
 2024/9/3 3:40:0, 26.50, 65.0
 2024/9/3 3:50:0, 26.50, 65.0
 2024/9/3 4:0:0, 26.50, 65.0
 2024/9/3 4:10:0, 26.50, 65.0
 2024/9/3 4:20:0, 26.40, 65.0
 2024/9/3 4:30:0, 26.40, 64.0
 2024/9/3 4:40:0, 26.30, 64.0
 2024/9/3 4:50:0, 26.40, 64.0
 2024/9/3 5:0:0, 26.30, 64.0
 2024/9/3 5:10:0, 26.40, 64.0
 2024/9/3 5:20:0, 26.40, 64.0
 2024/9/3 5:30:0, 26.30, 63.0
 2024/9/3 5:40:0, 26.30, 63.0
 2024/9/3 5:50:0, 26.30, 63.0
 2024/9/3 6:0:0, 26.30, 63.0
 2024/9/3 6:10:0, 26.30, 63.0
 2024/9/3 6:20:0, 26.30, 63.0
 2024/9/3 6:30:0, 26.30, 64.0
 2024/9/3 6:40:0, 26.20, 64.0
 2024/9/3 6:50:0, 26.20, 64.0
 2024/9/3 7:0:0, 26.10, 64.0
 2024/9/3 7:10:0, 26.10, 64.0
 2024/9/3 7:20:0, 26.20, 63.0
 2024/9/3 7:30:0, 26.20, 64.0
 2024/9/3 7:40:0, 26.10, 64.0
 2024/9/3 7:50:0, 26.0, 63.0
 2024/9/3 8:0:0, 25.90, 63.0
 2024/9/3 8:10:0, 25.80, 63.0
 2024/9/3 8:20:0, 25.70, 63.0
 2024/9/3 8:30:0, 25.80, 63.0
 2024/9/3 8:40:0, 25.90, 63.0
 2024/9/3 8:50:0, 25.80, 63.0
 2024/9/3 9:0:0, 25.90, 63.0
 2024/9/3 9:10:0, 25.80, 63.0
 2024/9/3 9:20:0, 25.70, 63.0
 2024/9/3 9:30:0, 25.90, 65.0
 2024/9/3 9:40:0, 26.10, 66.0
 2024/9/3 9:50:0, 26.20, 66.0
 2024/9/3 10:0:0, 26.20, 66.0
 2024/9/3 10:10:0, 26.30, 66.0
 2024/9/3 10:20:0, 26.40, 66.0
 2024/9/3 10:30:0, 26.40, 66.0
 2024/9/3 10:40:0, 26.50, 67.0
 2024/9/3 10:50:0, 26.50, 67.0
 2024/9/3 11:0:0, 26.50, 67.0
 2024/9/3 11:10:0, 26.60, 67.0
 2024/9/3 11:20:0, 26.60, 67.0
 2024/9/3 11:30:0, 26.70, 67.0
 2024/9/3 11:40:0, 26.70, 67.0
 2024/9/3 11:50:0, 26.70, 67.0
 2024/9/3 12:0:0, 26.80, 67.0
 2024/9/3 12:10:0, 26.80, 68.0
 2024/9/3 12:20:0, 26.90, 68.0
 2024/9/3 12:30:0, 27.10, 69.0
 2024/9/3 12:40:0, 27.20, 69.0
 2024/9/3 12:50:0, 27.20, 69.0
 2024/9/3 13:0:0, 27.20, 69.0
 2024/9/3 13:10:0, 27.10, 69.0
 2024/9/3 13:20:0, 27.10, 69.0
 2024/9/3 13:30:0, 27.10, 70.0
 2024/9/3 13:40:0, 27.20, 71.0
 2024/9/3 13:50:0, 27.30, 71.0
 2024/9/3 14:0:0, 27.40, 71.0
 2024/9/3 14:10:0, 27.50, 72.0
 2024/9/3 14:20:0, 27.60, 72.0
 2024/9/3 14:30:0, 27.60, 72.0
 2024/9/3 14:40:0, 27.70, 72.0
 2024/9/3 14:50:0, 27.60, 72.0
 2024/9/3 15:0:0, 27.60, 72.0
 2024/9/3 15:10:0, 27.60, 72.0
 2024/9/3 15:20:0, 27.50, 72.0
 2024/9/3 15:30:0, 27.40, 72.0
 2024/9/3 15:40:0, 27.30, 72.0
 2024/9/3 15:50:0, 27.30, 72.0
 2024/9/3 16:0:0, 27.20, 72.0
 2024/9/3 16:10:0, 27.20, 71.0
 2024/9/3 16:20:0, 27.20, 71.0
 2024/9/3 16:30:0, 27.20, 71.0
 2024/9/3 16:40:0, 27.20, 71.0
 2024/9/3 16:50:0, 27.30, 70.0
 2024/9/3 17:0:0, 27.30, 70.0
 2024/9/3 17:10:0, 27.20, 69.0
 2024/9/3 17:20:0, 27.20, 68.0
 2024/9/3 17:30:0, 27.30, 69.0
 2024/9/3 17:40:0, 27.40, 69.0
 2024/9/3 17:50:0, 27.50, 69.0
 2024/9/3 18:0:0, 27.50, 69.0
 2024/9/3 18:10:0, 27.50, 69.0
 2024/9/3 18:20:0, 27.30, 69.0
 2024/9/3 18:30:0, 27.40, 70.0
 2024/9/3 18:40:0, 27.40, 70.0
 2024/9/3 18:50:0, 27.40, 70.0
 2024/9/3 19:0:0, 27.40, 70.0
 2024/9/3 19:10:0, 27.30, 70.0
 2024/9/3 19:20:0, 27.30, 70.0
 2024/9/3 19:30:0, 27.30, 70.0
 2024/9/3 19:40:0, 27.20, 70.0
 2024/9/3 19:50:0, 27.20, 70.0
 2024/9/3 20:0:0, 27.20, 71.0
 2024/9/3 20:10:0, 27.20, 71.0
 2024/9/3 20:20:0, 27.10, 70.0
 2024/9/3 20:30:0, 27.10, 70.0
 2024/9/3 20:40:0, 27.0, 70.0
 2024/9/3 20:50:0, 27.0, 70.0
 2024/9/3 21:0:0, 27.0, 70.0
 2024/9/3 21:10:0, 27.0, 70.0
 2024/9/3 21:20:0, 27.0, 70.0
 2024/9/3 21:30:0, 27.0, 71.0
 2024/9/3 21:40:0, 27.0, 71.0
 2024/9/3 21:50:0, 27.0, 71.0
 2024/9/3 22:0:0, 27.0, 71.0
 2024/9/3 22:10:0, 27.10, 71.0
 2024/9/3 22:20:0, 27.20, 74.0
 2024/9/3 22:30:0, 27.20, 74.0
 2024/9/3 22:40:0, 27.20, 74.0
 2024/9/3 22:50:0, 27.20, 74.0
 2024/9/3 23:0:0, 27.30, 74.0
 2024/9/3 23:10:0, 27.30, 74.0
 2024/9/3 23:20:0, 27.20, 74.0
 2024/9/3 23:30:0, 27.20, 75.0
 2024/9/3 23:40:0, 27.20, 75.0
 2024/9/3 23:50:0, 27.40, 77.0
 2024/9/4 0:0:0, 27.40, 77.0
 2024/9/4 0:10:0, 27.50, 78.0
 2024/9/4 0:20:0, 27.60, 79.0
 2024/9/4 0:30:0, 27.70, 80.0
 2024/9/4 0:40:0, 27.80, 80.0
 2024/9/4 0:50:0, 27.80, 81.0
 2024/9/4 1:0:0, 27.80, 81.0
 2024/9/4 1:10:0, 27.90, 81.0
 2024/9/4 1:20:0, 27.90, 81.0
 2024/9/4 1:30:0, 27.90, 82.0
 2024/9/4 1:40:0, 27.90, 82.0
 2024/9/4 1:50:0, 28.0, 83.0
 2024/9/4 2:0:0, 28.0, 83.0
 2024/9/4 2:10:0, 28.0, 84.0
 2024/9/4 2:20:0, 28.0, 84.0
 2024/9/4 2:30:0, 28.0, 84.0
 2024/9/4 2:40:0, 28.0, 84.0
 2024/9/4 2:50:0, 28.0, 84.0
 2024/9/4 3:0:0, 28.0, 84.0
 2024/9/4 3:10:0, 28.0, 84.0
 2024/9/4 3:20:0, 28.0, 84.0
 2024/9/4 3:30:0, 27.80, 81.0
 2024/9/4 3:40:0, 27.60, 76.0
 2024/9/4 3:50:0, 27.50, 76.0
 2024/9/4 4:0:0, 27.40, 75.0
 2024/9/4 4:10:0, 27.40, 74.0
 2024/9/4 4:20:0, 27.30, 74.0
 2024/9/4 4:30:0, 27.30, 73.0
 2024/9/4 4:40:0, 27.30, 73.0
 2024/9/4 4:50:0, 27.30, 72.0
 2024/9/4 5:0:0, 27.20, 72.0
 2024/9/4 5:10:0, 27.30, 71.0
 2024/9/4 5:20:0, 27.30, 71.0
 2024/9/4 5:30:0, 27.20, 71.0
 2024/9/4 5:40:0, 27.20, 71.0
 2024/9/4 5:50:0, 27.10, 71.0
 2024/9/4 6:0:0, 27.10, 71.0
 2024/9/4 6:10:0, 27.10, 70.0
 2024/9/4 6:20:0, 27.10, 70.0
 2024/9/4 6:30:0, 27.10, 70.0
 2024/9/4 6:40:0, 27.20, 71.0
 2024/9/4 6:50:0, 27.30, 71.0
 2024/9/4 7:0:0, 27.30, 72.0
 2024/9/4 7:10:0, 27.40, 72.0
 2024/9/4 7:20:0, 27.40, 72.0
 2024/9/4 7:30:0, 27.30, 72.0
 2024/9/4 7:40:0, 27.50, 71.0
 2024/9/4 7:50:0, 27.20, 72.0
 2024/9/4 8:0:0, 27.0, 69.0
 2024/9/4 8:10:0, 26.80, 70.0
 2024/9/4 8:20:0, 26.70, 70.0
 2024/9/4 8:30:0, 26.80, 70.0
 2024/9/4 8:40:0, 26.70, 69.0
 2024/9/4 8:50:0, 26.80, 70.0
 2024/9/4 9:0:0, 26.70, 70.0
 2024/9/4 9:10:0, 26.90, 72.0
 2024/9/4 9:20:0, 27.0, 72.0
 2024/9/4 9:30:0, 27.0, 71.0
 2024/9/4 9:40:0, 27.0, 71.0
 2024/9/4 9:50:0, 27.0, 71.0
 2024/9/4 10:0:0, 27.10, 71.0
 2024/9/4 10:10:0, 27.10, 71.0
 2024/9/4 10:20:0, 27.10, 72.0
 2024/9/4 10:30:0, 27.0, 71.0
 2024/9/4 10:40:0, 27.10, 71.0
 2024/9/4 10:50:0, 27.10, 71.0
 2024/9/4 11:0:0, 27.20, 72.0
 2024/9/4 11:10:0, 27.20, 72.0
 2024/9/4 11:20:0, 27.20, 72.0
 2024/9/4 11:30:0, 27.10, 72.0
 2024/9/4 11:40:0, 27.10, 72.0
 2024/9/4 11:50:0, 27.20, 73.0
 2024/9/4 12:0:0, 27.30, 75.0
 2024/9/4 12:10:0, 27.50, 74.0
 2024/9/4 12:20:0, 27.50, 72.0
 2024/9/4 12:30:0, 27.40, 71.0
 2024/9/4 12:40:0, 27.40, 70.0
 2024/9/4 12:50:0, 27.40, 70.0
 2024/9/4 13:0:0, 27.40, 70.0
 2024/9/4 13:10:0, 27.40, 69.0
 2024/9/4 13:20:0, 27.40, 68.0
 2024/9/4 13:30:0, 27.30, 67.0
 2024/9/4 13:40:0, 27.20, 66.0
 2024/9/4 13:50:0, 27.10, 65.0
 2024/9/4 14:0:0, 27.0, 64.0
 2024/9/4 14:10:0, 27.0, 64.0
 2024/9/4 14:20:0, 27.0, 63.0
 2024/9/4 14:30:0, 26.80, 61.0
 2024/9/4 14:40:0, 26.70, 61.0
 2024/9/4 14:50:0, 26.60, 61.0
 2024/9/4 15:0:0, 26.70, 62.0
 2024/9/4 15:10:0, 26.70, 62.0
 2024/9/4 15:20:0, 26.70, 62.0
 2024/9/4 15:30:0, 26.70, 62.0
 2024/9/4 15:40:0, 26.60, 61.0
 2024/9/4 15:50:0, 26.20, 60.0
 2024/9/4 16:0:0, 25.90, 60.0
 2024/9/4 16:10:0, 26.10, 61.0
 2024/9/4 16:20:0, 26.20, 61.0
 2024/9/4 16:30:0, 26.30, 61.0
 2024/9/4 16:40:0, 26.30, 61.0
 2024/9/4 16:50:0, 26.40, 61.0
 2024/9/4 17:0:0, 26.40, 60.0
 2024/9/4 17:10:0, 26.40, 60.0
 2024/9/4 17:20:0, 26.40, 60.0
 2024/9/4 17:30:0, 26.40, 61.0
 2024/9/4 17:40:0, 26.40, 61.0
 2024/9/4 17:50:0, 26.30, 60.0
 2024/9/4 18:0:0, 26.20, 59.0
 2024/9/4 18:10:0, 26.20, 60.0
 2024/9/4 18:20:0, 26.30, 60.0
 2024/9/4 18:30:0, 26.20, 59.0
 2024/9/4 18:40:0, 26.20, 59.0
 2024/9/4 18:50:0, 26.20, 60.0
 2024/9/4 19:0:0, 26.20, 60.0
 2024/9/4 19:10:0, 26.20, 60.0
 2024/9/4 19:20:0, 26.30, 60.0
 2024/9/4 19:30:0, 26.30, 60.0
 2024/9/4 19:40:0, 26.30, 60.0
 2024/9/4 19:50:0, 26.30, 60.0
 2024/9/4 20:0:0, 26.30, 60.0
 2024/9/4 20:10:0, 26.30, 59.0
 2024/9/4 20:20:0, 26.20, 59.0
 2024/9/4 20:30:0, 26.10, 60.0
 2024/9/4 20:40:0, 26.20, 60.0
 2024/9/4 20:50:0, 26.30, 61.0
 2024/9/4 21:0:0, 26.30, 61.0
 2024/9/4 21:10:0, 26.40, 61.0
 2024/9/4 21:20:0, 26.40, 61.0
 2024/9/4 21:30:0, 26.40, 60.0
 2024/9/4 21:40:0, 26.40, 61.0
 2024/9/4 21:50:0, 26.40, 61.0
 2024/9/4 22:0:0, 26.40, 62.0
 2024/9/4 22:10:0, 26.40, 62.0
 2024/9/4 22:20:0, 26.20, 60.0
 2024/9/4 22:30:0, 25.90, 59.0
 2024/9/4 22:40:0, 26.0, 60.0
 2024/9/4 22:50:0, 26.0, 59.0
 2024/9/4 23:0:0, 25.90, 59.0
 2024/9/4 23:10:0, 25.90, 59.0
 2024/9/4 23:20:0, 26.0, 59.0
 2024/9/4 23:30:0, 26.0, 59.0
 2024/9/4 23:40:0, 25.90, 59.0
 2024/9/4 23:50:0, 25.90, 59.0
 2024/9/5 0:0:0, 25.60, 62.0
 2024/9/5 0:10:0, 25.50, 62.0
 2024/9/5 0:20:0, 25.60, 62.0
 2024/9/5 0:30:0, 25.70, 61.0
 2024/9/5 0:40:0, 25.70, 60.0
 2024/9/5 0:50:0, 25.80, 61.0
 2024/9/5 1:0:0, 25.90, 60.0
 2024/9/5 1:10:0, 25.90, 60.0
 2024/9/5 1:20:0, 25.80, 59.0
 2024/9/5 1:30:0, 25.80, 59.0
 2024/9/5 1:40:0, 25.80, 58.0
 2024/9/5 1:50:0, 25.90, 58.0
 2024/9/5 2:0:0, 25.90, 58.0
 2024/9/5 2:10:0, 25.90, 58.0
 2024/9/5 2:20:0, 25.80, 57.0
 2024/9/5 2:30:0, 25.80, 57.0
 2024/9/5 2:40:0, 25.80, 57.0
 2024/9/5 2:50:0, 25.70, 57.0
 2024/9/5 3:0:0, 25.70, 57.0
 2024/9/5 3:10:0, 25.70, 57.0
 2024/9/5 3:20:0, 25.70, 56.0
 2024/9/5 3:30:0, 25.60, 56.0
 2024/9/5 3:40:0, 25.50, 57.0
 2024/9/5 3:50:0, 25.50, 56.0
 2024/9/5 4:0:0, 25.40, 55.0
 2024/9/5 4:10:0, 25.40, 55.0
 2024/9/5 4:20:0, 25.30, 55.0
 2024/9/5 4:30:0, 25.30, 54.0
 2024/9/5 4:40:0, 25.30, 54.0
 2024/9/5 4:50:0, 25.30, 54.0
 2024/9/5 5:0:0, 25.20, 54.0
 2024/9/5 5:10:0, 25.20, 54.0
 2024/9/5 5:20:0, 25.20, 54.0
 2024/9/5 5:30:0, 25.20, 54.0
 2024/9/5 5:40:0, 25.20, 54.0
 2024/9/5 5:50:0, 25.10, 53.0
 2024/9/5 6:0:0, 25.10, 54.0
 2024/9/5 6:10:0, 25.0, 53.0
 2024/9/5 6:20:0, 25.0, 53.0
 2024/9/5 6:30:0, 25.0, 53.0
 2024/9/5 6:40:0, 24.80, 53.0
 2024/9/5 6:50:0, 24.70, 52.0
 2024/9/5 7:0:0, 24.60, 52.0
 2024/9/5 7:10:0, 24.60, 53.0
 2024/9/5 7:20:0, 24.60, 52.0
 2024/9/5 7:30:0, 24.40, 52.0
 2024/9/5 7:40:0, 24.30, 52.0
 2024/9/5 7:50:0, 24.30, 52.0
 2024/9/5 8:0:0, 24.30, 52.0
 2024/9/5 8:10:0, 24.30, 52.0
 2024/9/5 8:20:0, 24.30, 52.0
 2024/9/5 8:30:0, 24.30, 52.0
 2024/9/5 8:40:0, 24.30, 53.0
 2024/9/5 8:50:0, 24.40, 53.0
 2024/9/5 9:0:0, 24.40, 53.0
 2024/9/5 9:10:0, 24.40, 53.0
 2024/9/5 9:20:0, 24.40, 53.0
 2024/9/5 9:30:0, 24.40, 53.0
 2024/9/5 9:40:0, 24.50, 53.0
 2024/9/5 9:50:0, 24.50, 53.0
 2024/9/5 10:0:0, 24.50, 53.0
 2024/9/5 10:10:0, 24.60, 54.0
 2024/9/5 10:20:0, 24.70, 54.0
 2024/9/5 10:30:0, 24.50, 54.0
 2024/9/5 10:40:0, 24.20, 54.0
 2024/9/5 10:50:0, 24.40, 56.0
 2024/9/5 11:0:0, 24.50, 55.0
 2024/9/5 11:10:0, 24.30, 54.0
 2024/9/5 11:20:0, 24.50, 55.0
 2024/9/5 11:30:0, 24.60, 55.0
 2024/9/5 11:40:0, 24.80, 55.0
 2024/9/5 11:50:0, 24.90, 55.0
 2024/9/5 12:0:0, 25.0, 56.0
 2024/9/5 12:10:0, 25.0, 55.0
 2024/9/5 12:20:0, 25.10, 56.0
 2024/9/5 12:30:0, 25.30, 56.0
 2024/9/5 12:40:0, 25.30, 56.0
 2024/9/5 12:50:0, 25.40, 56.0
 2024/9/5 13:0:0, 25.50, 57.0
 2024/9/5 13:10:0, 25.60, 57.0
 2024/9/5 13:20:0, 25.60, 57.0
 2024/9/5 13:30:0, 25.70, 57.0
 2024/9/5 13:40:0, 25.80, 57.0
 2024/9/5 13:50:0, 25.80, 57.0
 2024/9/5 14:0:0, 25.70, 57.0
 2024/9/5 14:10:0, 25.70, 56.0
 2024/9/5 14:20:0, 25.60, 56.0
 2024/9/5 14:30:0, 25.50, 55.0
 2024/9/5 14:40:0, 25.40, 56.0
 2024/9/5 14:50:0, 25.40, 55.0
 2024/9/5 15:0:0, 25.30, 55.0
 2024/9/5 15:10:0, 25.30, 55.0
 2024/9/5 15:20:0, 25.30, 54.0
 2024/9/5 15:30:0, 25.40, 57.0
 2024/9/5 15:40:0, 25.50, 58.0
 2024/9/5 15:50:0, 25.60, 58.0
 2024/9/5 16:0:0, 25.60, 59.0
 2024/9/5 16:10:0, 25.70, 59.0
 2024/9/5 16:20:0, 25.70, 59.0
 2024/9/5 16:30:0, 25.70, 59.0
 2024/9/5 16:40:0, 25.70, 59.0
 2024/9/5 16:50:0, 25.80, 59.0
 2024/9/5 17:0:0, 25.80, 59.0
 2024/9/5 17:10:0, 25.80, 58.0
 2024/9/5 17:20:0, 25.80, 57.0
 2024/9/5 17:30:0, 25.80, 57.0
 2024/9/5 17:40:0, 25.80, 57.0
 2024/9/5 17:50:0, 25.90, 56.0
 2024/9/5 18:0:0, 25.90, 54.0
 2024/9/5 18:10:0, 25.80, 54.0
 2024/9/5 18:20:0, 25.80, 54.0
 2024/9/5 18:30:0, 25.80, 54.0
 2024/9/5 18:40:0, 25.80, 55.0
 2024/9/5 18:50:0, 25.80, 56.0
 2024/9/5 19:0:0, 25.80, 56.0
 2024/9/5 19:10:0, 25.80, 56.0
 2024/9/5 19:20:0, 25.80, 57.0
 2024/9/5 19:30:0, 25.80, 57.0
 2024/9/5 19:40:0, 25.80, 57.0
 2024/9/5 19:50:0, 25.80, 57.0
 2024/9/5 20:0:0, 25.80, 57.0
 2024/9/5 20:10:0, 25.80, 57.0
 2024/9/5 20:20:0, 25.70, 57.0
 2024/9/5 20:30:0, 25.70, 56.0
 2024/9/5 20:40:0, 25.70, 57.0
 2024/9/5 20:50:0, 25.70, 57.0
 2024/9/5 21:0:0, 25.70, 57.0
 2024/9/5 21:10:0, 25.80, 57.0
 2024/9/5 21:20:0, 25.80, 57.0
 2024/9/5 21:30:0, 25.80, 58.0
 2024/9/5 21:40:0, 25.80, 58.0
 2024/9/5 21:50:0, 25.90, 58.0
 2024/9/5 22:0:0, 25.90, 59.0
 2024/9/5 22:10:0, 25.90, 59.0
 2024/9/5 22:20:0, 25.90, 60.0
 2024/9/5 22:30:0, 26.0, 61.0
 2024/9/5 22:40:0, 26.10, 62.0
 2024/9/5 22:50:0, 26.20, 62.0
 2024/9/5 23:0:0, 26.20, 62.0
 2024/9/5 23:10:0, 26.20, 62.0
 2024/9/5 23:20:0, 26.20, 62.0
 2024/9/5 23:30:0, 26.20, 62.0
 2024/9/5 23:40:0, 26.10, 62.0
 2024/9/5 23:50:0, 25.90, 62.0
 2024/9/6 0:0:0, 25.90, 63.0
 2024/9/6 0:10:0, 25.70, 63.0
 2024/9/6 0:20:0, 25.60, 64.0
 2024/9/6 0:30:0, 25.40, 70.0
 2024/9/6 0:40:0, 25.30, 72.0
 2024/9/6 0:50:0, 25.30, 73.0
 2024/9/6 1:0:0, 25.30, 73.0
 2024/9/6 1:10:0, 25.30, 73.0
 2024/9/6 1:20:0, 25.30, 72.0
 2024/9/6 1:30:0, 25.40, 71.0
 2024/9/6 1:40:0, 25.40, 69.0
 2024/9/6 1:50:0, 25.50, 69.0
 2024/9/6 2:0:0, 25.50, 68.0
 2024/9/6 2:10:0, 25.50, 67.0
 2024/9/6 2:20:0, 25.60, 66.0
 2024/9/6 2:30:0, 25.60, 65.0
 2024/9/6 2:40:0, 25.50, 65.0
 2024/9/6 2:50:0, 25.60, 64.0
 2024/9/6 3:0:0, 25.50, 64.0
 2024/9/6 3:10:0, 25.50, 64.0
 2024/9/6 3:20:0, 25.40, 64.0
 2024/9/6 3:30:0, 25.40, 64.0
 2024/9/6 3:40:0, 25.40, 64.0
 2024/9/6 3:50:0, 25.40, 64.0
 2024/9/6 4:0:0, 25.40, 64.0
 2024/9/6 4:10:0, 25.40, 64.0
 2024/9/6 4:20:0, 25.40, 64.0
 2024/9/6 4:30:0, 25.40, 64.0
 2024/9/6 4:40:0, 25.40, 64.0
 2024/9/6 4:50:0, 25.40, 64.0
 2024/9/6 5:0:0, 25.50, 64.0
 2024/9/6 5:10:0, 25.50, 64.0
 2024/9/6 5:20:0, 25.50, 64.0
 2024/9/6 5:30:0, 25.40, 64.0
 2024/9/6 5:40:0, 25.40, 64.0
 2024/9/6 5:50:0, 25.40, 64.0
 2024/9/6 6:0:0, 25.40, 64.0
 2024/9/6 6:10:0, 25.30, 64.0
 2024/9/6 6:20:0, 25.40, 64.0
 2024/9/6 6:30:0, 25.40, 64.0
 2024/9/6 6:40:0, 25.30, 64.0
 2024/9/6 6:50:0, 25.30, 64.0
 2024/9/6 7:0:0, 25.30, 63.0
 2024/9/6 7:10:0, 25.30, 64.0
 2024/9/6 7:20:0, 25.20, 63.0
 2024/9/6 7:30:0, 25.30, 64.0
 2024/9/6 7:40:0, 25.20, 64.0
 2024/9/6 7:50:0, 25.20, 64.0
 2024/9/6 8:0:0, 25.20, 64.0
 2024/9/6 8:10:0, 25.20, 64.0
 2024/9/6 8:20:0, 25.20, 64.0
 2024/9/6 8:30:0, 25.20, 65.0
 2024/9/6 8:40:0, 25.20, 65.0
 2024/9/6 8:50:0, 25.20, 65.0
 2024/9/6 9:0:0, 25.30, 65.0
 2024/9/6 9:10:0, 25.20, 65.0
 2024/9/6 9:20:0, 25.30, 65.0
 2024/9/6 9:30:0, 25.20, 65.0
 2024/9/6 9:40:0, 25.10, 65.0
 2024/9/6 9:50:0, 25.10, 65.0
 2024/9/6 10:0:0, 25.0, 65.0
 2024/9/6 10:10:0, 25.0, 65.0
 2024/9/6 10:20:0, 24.90, 65.0
 2024/9/6 10:30:0, 24.90, 65.0
 2024/9/6 10:40:0, 24.90, 65.0
 2024/9/6 10:50:0, 24.90, 65.0
 2024/9/6 11:0:0, 25.0, 65.0
 2024/9/6 11:10:0, 25.0, 65.0
 2024/9/6 11:20:0, 25.0, 65.0
 2024/9/6 11:30:0, 25.0, 65.0
 2024/9/6 11:40:0, 25.0, 65.0
 2024/9/6 11:50:0, 24.90, 66.0
 2024/9/6 12:0:0, 25.0, 66.0
 2024/9/6 12:10:0, 25.0, 66.0
 2024/9/6 12:20:0, 25.0, 66.0
 2024/9/6 12:30:0, 25.10, 66.0
 2024/9/6 12:40:0, 25.20, 67.0
 2024/9/6 12:50:0, 25.40, 67.0
 2024/9/6 13:0:0, 25.50, 68.0
 2024/9/6 13:10:0, 25.60, 68.0
 2024/9/6 13:20:0, 25.70, 69.0
 2024/9/6 13:30:0, 25.90, 70.0
 2024/9/6 13:40:0, 26.0, 70.0
 2024/9/6 13:50:0, 25.90, 70.0
 2024/9/6 14:0:0, 25.80, 70.0
 2024/9/6 14:10:0, 25.90, 71.0
 2024/9/6 14:20:0, 25.80, 69.0
 2024/9/6 14:30:0, 25.70, 69.0
 2024/9/6 14:40:0, 25.60, 69.0
 2024/9/6 14:50:0, 25.60, 69.0
 2024/9/6 15:0:0, 25.50, 69.0
 2024/9/6 15:10:0, 25.50, 69.0
 2024/9/6 15:20:0, 25.40, 69.0
 2024/9/6 15:30:0, 25.40, 69.0
 2024/9/6 15:40:0, 25.40, 69.0
 2024/9/6 15:50:0, 25.40, 69.0
 2024/9/6 16:0:0, 25.30, 69.0
 2024/9/6 16:10:0, 25.30, 68.0
 2024/9/6 16:20:0, 25.30, 68.0
 2024/9/6 16:30:0, 25.30, 69.0
 2024/9/6 16:40:0, 25.40, 69.0
 2024/9/6 16:50:0, 25.50, 70.0
 2024/9/6 17:0:0, 25.60, 70.0
 2024/9/6 17:10:0, 25.70, 71.0
 2024/9/6 17:20:0, 25.70, 71.0
 2024/9/6 17:30:0, 25.70, 71.0
 2024/9/6 17:40:0, 25.70, 71.0
 2024/9/6 17:50:0, 25.70, 71.0
 2024/9/6 18:0:0, 25.80, 71.0
 2024/9/6 18:10:0, 25.90, 72.0
 2024/9/6 18:20:0, 26.0, 72.0
 2024/9/6 18:30:0, 26.0, 73.0
 2024/9/6 18:40:0, 26.10, 73.0
 2024/9/6 18:50:0, 26.10, 73.0
 2024/9/6 19:0:0, 26.10, 73.0
 2024/9/6 19:10:0, 26.10, 73.0
 2024/9/6 19:20:0, 26.10, 73.0
 2024/9/6 19:30:0, 26.10, 73.0
 2024/9/6 19:40:0, 26.10, 73.0
 2024/9/6 19:50:0, 26.0, 72.0
 2024/9/6 20:0:0, 25.90, 72.0
 2024/9/6 20:10:0, 25.90, 73.0
 2024/9/6 20:20:0, 25.80, 73.0
 2024/9/6 20:30:0, 25.80, 73.0
 2024/9/6 20:40:0, 25.70, 73.0
 2024/9/6 20:50:0, 25.60, 72.0
 2024/9/6 21:0:0, 25.60, 72.0
 2024/9/6 21:10:0, 25.60, 71.0
 2024/9/6 21:20:0, 25.60, 70.0
 2024/9/6 21:30:0, 25.50, 69.0
 2024/9/6 21:40:0, 25.50, 70.0
 2024/9/6 21:50:0, 25.50, 69.0
 2024/9/6 22:0:0, 25.50, 69.0
 2024/9/6 22:10:0, 25.50, 69.0
 2024/9/6 22:20:0, 25.50, 68.0
 2024/9/6 22:30:0, 25.70, 69.0
 2024/9/6 22:40:0, 25.50, 68.0
 2024/9/6 22:50:0, 25.50, 68.0
 2024/9/6 23:0:0, 25.30, 69.0
 2024/9/6 23:10:0, 25.40, 69.0
 2024/9/6 23:20:0, 25.40, 69.0
 2024/9/6 23:30:0, 25.40, 69.0
 2024/9/6 23:40:0, 25.40, 69.0
 2024/9/6 23:50:0, 25.20, 69.0
 2024/9/7 0:0:0, 25.10, 69.0
 2024/9/7 0:10:0, 24.80, 77.0
 2024/9/7 0:20:0, 24.60, 79.0
 2024/9/7 0:30:0, 24.50, 80.0
 2024/9/7 0:40:0, 24.50, 81.0
 2024/9/7 0:50:0, 24.50, 81.0
 2024/9/7 1:0:0, 24.50, 81.0
 2024/9/7 1:10:0, 24.50, 81.0
 2024/9/7 1:20:0, 24.50, 81.0
 2024/9/7 1:30:0, 24.50, 81.0
 2024/9/7 1:40:0, 24.60, 80.0
 2024/9/7 1:50:0, 24.60, 80.0
 2024/9/7 2:0:0, 24.60, 80.0
 2024/9/7 2:10:0, 24.50, 78.0
 2024/9/7 2:20:0, 24.50, 75.0
 2024/9/7 2:30:0, 24.50, 73.0
 2024/9/7 2:40:0, 24.50, 73.0
 2024/9/7 2:50:0, 24.60, 73.0
 2024/9/7 3:0:0, 24.60, 75.0
 2024/9/7 3:10:0, 24.60, 75.0
 2024/9/7 3:20:0, 24.60, 72.0
 2024/9/7 3:30:0, 24.70, 70.0
 2024/9/7 3:40:0, 24.70, 70.0
 2024/9/7 3:50:0, 24.70, 70.0
 2024/9/7 4:0:0, 24.80, 70.0
 2024/9/7 4:10:0, 24.80, 70.0
 2024/9/7 4:20:0, 24.80, 70.0
 2024/9/7 4:30:0, 24.80, 69.0
 2024/9/7 4:40:0, 24.80, 69.0
 2024/9/7 4:50:0, 24.80, 69.0
 2024/9/7 5:0:0, 24.80, 68.0
 2024/9/7 5:10:0, 24.80, 68.0
 2024/9/7 5:20:0, 24.70, 68.0
 2024/9/7 5:30:0, 24.70, 68.0
 2024/9/7 5:40:0, 24.70, 68.0
 2024/9/7 5:50:0, 24.70, 67.0
 2024/9/7 6:0:0, 24.70, 67.0
 2024/9/7 6:10:0, 24.70, 68.0
 2024/9/7 6:20:0, 24.70, 68.0
 2024/9/7 6:30:0, 24.60, 67.0
 2024/9/7 6:40:0, 24.60, 68.0
 2024/9/7 6:50:0, 24.60, 68.0
 2024/9/7 7:0:0, 24.60, 68.0
 2024/9/7 7:10:0, 24.60, 68.0
 2024/9/7 7:20:0, 24.60, 67.0
 2024/9/7 7:30:0, 24.50, 67.0
 2024/9/7 7:40:0, 24.60, 68.0
 2024/9/7 7:50:0, 24.50, 67.0
 2024/9/7 8:0:0, 24.50, 67.0
 2024/9/7 8:10:0, 24.40, 67.0
 2024/9/7 8:20:0, 24.40, 67.0
 2024/9/7 8:30:0, 24.50, 68.0
 2024/9/7 8:40:0, 24.50, 68.0
 2024/9/7 8:50:0, 24.50, 68.0
 2024/9/7 9:0:0, 24.60, 68.0
 2024/9/7 9:10:0, 24.80, 68.0
 2024/9/7 9:20:0, 24.60, 68.0
 2024/9/7 9:30:0, 24.60, 68.0
 2024/9/7 9:40:0, 24.60, 68.0
 2024/9/7 9:50:0, 24.60, 68.0
 2024/9/7 10:0:0, 24.60, 69.0
 2024/9/7 10:10:0, 24.60, 69.0
 2024/9/7 10:20:0, 24.70, 69.0
 2024/9/7 10:30:0, 24.70, 68.0
 2024/9/7 10:40:0, 24.70, 68.0
 2024/9/7 10:50:0, 24.70, 68.0
 2024/9/7 11:0:0, 24.80, 68.0
 2024/9/7 11:10:0, 24.80, 67.0
 2024/9/7 11:20:0, 24.80, 67.0
 2024/9/7 11:30:0, 24.80, 66.0
 2024/9/7 11:40:0, 24.70, 66.0
 2024/9/7 11:50:0, 24.70, 66.0
 2024/9/7 12:0:0, 24.70, 67.0
 2024/9/7 12:10:0, 24.80, 67.0
 2024/9/7 12:20:0, 24.80, 67.0
 2024/9/7 12:30:0, 24.70, 67.0
 2024/9/7 12:40:0, 24.70, 67.0
 2024/9/7 12:50:0, 24.70, 67.0
 2024/9/7 13:0:0, 24.70, 68.0
 2024/9/7 13:10:0, 24.80, 69.0
 2024/9/7 13:20:0, 24.90, 69.0
 2024/9/7 13:30:0, 24.90, 69.0
 2024/9/7 13:40:0, 24.90, 69.0
 2024/9/7 13:50:0, 24.90, 69.0
 2024/9/7 14:0:0, 24.90, 69.0
 2024/9/7 14:10:0, 24.80, 69.0
 2024/9/7 14:20:0, 24.80, 69.0
 2024/9/7 14:30:0, 24.80, 69.0
 2024/9/7 14:40:0, 24.80, 69.0
 2024/9/7 14:50:0, 24.80, 69.0
 2024/9/7 15:0:0, 24.80, 69.0
 2024/9/7 15:10:0, 24.70, 69.0
 2024/9/7 15:20:0, 24.80, 69.0
 2024/9/7 15:30:0, 24.80, 69.0
 2024/9/7 15:40:0, 24.70, 69.0
 2024/9/7 15:50:0, 24.80, 69.0
 2024/9/7 16:0:0, 24.80, 69.0
 2024/9/7 16:10:0, 24.80, 69.0
 2024/9/7 16:20:0, 24.90, 69.0
 2024/9/7 16:30:0, 24.90, 69.0
 2024/9/7 16:40:0, 24.90, 70.0
 2024/9/7 16:50:0, 24.90, 70.0
 2024/9/7 17:0:0, 24.90, 70.0
 2024/9/7 17:10:0, 24.90, 70.0
 2024/9/7 17:20:0, 24.90, 70.0
 2024/9/7 17:30:0, 25.0, 70.0
 2024/9/7 17:40:0, 25.0, 71.0
 2024/9/7 17:50:0, 25.0, 71.0
 2024/9/7 18:0:0, 25.0, 71.0
 2024/9/7 18:10:0, 25.10, 71.0
 2024/9/7 18:20:0, 25.10, 72.0
 2024/9/7 18:30:0, 25.10, 71.0
 2024/9/7 18:40:0, 25.10, 71.0
 2024/9/7 18:50:0, 25.0, 71.0
 2024/9/7 19:0:0, 25.0, 71.0
 2024/9/7 19:10:0, 25.0, 71.0
 2024/9/7 19:20:0, 25.0, 72.0
 2024/9/7 19:30:0, 25.0, 72.0
 2024/9/7 19:40:0, 25.10, 73.0
 2024/9/7 19:50:0, 25.10, 73.0
 2024/9/7 20:0:0, 25.10, 73.0
 2024/9/7 20:10:0, 25.10, 73.0
 2024/9/7 20:20:0, 25.10, 73.0
 2024/9/7 20:30:0, 25.10, 73.0
 2024/9/7 20:40:0, 25.10, 73.0
 2024/9/7 20:50:0, 25.10, 73.0
 2024/9/7 21:0:0, 25.10, 73.0
 2024/9/7 21:10:0, 25.10, 73.0
 2024/9/7 21:20:0, 25.10, 73.0
 2024/9/7 21:30:0, 25.10, 73.0
 2024/9/7 21:40:0, 25.10, 73.0
 2024/9/7 21:50:0, 25.20, 73.0
 2024/9/7 22:0:0, 25.20, 73.0
 2024/9/7 22:10:0, 25.20, 73.0
 2024/9/7 22:20:0, 25.30, 74.0
 2024/9/7 22:30:0, 25.20, 73.0
 2024/9/7 22:40:0, 25.20, 73.0
 2024/9/7 22:50:0, 25.30, 73.0
 2024/9/7 23:0:0, 25.30, 74.0
 2024/9/7 23:10:0, 25.40, 74.0
 2024/9/7 23:20:0, 25.40, 74.0
 2024/9/7 23:30:0, 25.50, 75.0
 2024/9/7 23:40:0, 25.40, 75.0
 2024/9/7 23:50:0, 25.40, 75.0
 2024/9/8 0:0:0, 25.30, 75.0
 2024/9/8 0:10:0, 25.10, 78.0
 2024/9/8 0:20:0, 24.90, 80.0
 2024/9/8 0:30:0, 24.80, 80.0
 2024/9/8 0:40:0, 24.80, 80.0
 2024/9/8 0:50:0, 24.90, 81.0
 2024/9/8 1:0:0, 24.90, 81.0
 2024/9/8 1:10:0, 24.90, 81.0
 2024/9/8 1:20:0, 25.0, 81.0
 2024/9/8 1:30:0, 25.0, 80.0
 2024/9/8 1:40:0, 25.0, 81.0
 2024/9/8 1:50:0, 25.0, 80.0
 2024/9/8 2:0:0, 25.10, 79.0
 2024/9/8 2:10:0, 25.10, 78.0
 2024/9/8 2:20:0, 25.10, 78.0
 2024/9/8 2:30:0, 25.10, 77.0
 2024/9/8 2:40:0, 25.10, 77.0
 2024/9/8 2:50:0, 25.10, 76.0
 2024/9/8 3:0:0, 25.10, 76.0
 2024/9/8 3:10:0, 25.10, 76.0
 2024/9/8 3:20:0, 25.10, 76.0
 2024/9/8 3:30:0, 25.10, 75.0
 2024/9/8 3:40:0, 25.0, 75.0
 2024/9/8 3:50:0, 25.0, 75.0
 2024/9/8 4:0:0, 25.0, 75.0
 2024/9/8 4:10:0, 25.0, 75.0
 2024/9/8 4:20:0, 25.0, 74.0
 2024/9/8 4:30:0, 25.0, 74.0
 2024/9/8 4:40:0, 24.90, 74.0
 2024/9/8 4:50:0, 25.0, 74.0
 2024/9/8 5:0:0, 25.0, 74.0
 2024/9/8 5:10:0, 25.0, 74.0
 2024/9/8 5:20:0, 24.90, 73.0
 2024/9/8 5:30:0, 24.90, 73.0
 2024/9/8 5:40:0, 24.90, 73.0
 2024/9/8 5:50:0, 24.80, 73.0
 2024/9/8 6:0:0, 24.80, 73.0
 2024/9/8 6:10:0, 24.80, 73.0
 2024/9/8 6:20:0, 24.80, 73.0
 2024/9/8 6:30:0, 24.80, 73.0
 2024/9/8 6:40:0, 24.80, 73.0
 2024/9/8 6:50:0, 24.80, 73.0
 2024/9/8 7:0:0, 24.80, 73.0
 2024/9/8 7:10:0, 24.80, 74.0
 2024/9/8 7:20:0, 24.80, 73.0
 2024/9/8 7:30:0, 24.80, 73.0
 2024/9/8 7:40:0, 24.70, 73.0
 2024/9/8 7:50:0, 24.70, 73.0
 2024/9/8 8:0:0, 24.70, 73.0
 2024/9/8 8:10:0, 24.70, 74.0
 2024/9/8 8:20:0, 24.70, 74.0
 2024/9/8 8:30:0, 24.70, 74.0
 2024/9/8 8:40:0, 24.80, 74.0
 2024/9/8 8:50:0, 24.80, 74.0
 2024/9/8 9:0:0, 24.80, 74.0
 2024/9/8 9:10:0, 24.70, 74.0
 2024/9/8 9:20:0, 24.80, 74.0
 2024/9/8 9:30:0, 24.80, 74.0
 2024/9/8 9:40:0, 24.80, 74.0
 2024/9/8 9:50:0, 24.80, 74.0
 2024/9/8 10:0:0, 24.80, 74.0
 2024/9/8 10:10:0, 24.80, 74.0
 2024/9/8 10:20:0, 24.90, 74.0
 2024/9/8 10:30:0, 25.0, 75.0
 2024/9/8 10:40:0, 25.10, 75.0
 2024/9/8 10:50:0, 25.10, 75.0
 2024/9/8 11:0:0, 25.10, 75.0
 2024/9/8 11:10:0, 25.20, 75.0
 2024/9/8 11:20:0, 25.20, 76.0
 2024/9/8 11:30:0, 25.20, 76.0
 2024/9/8 11:40:0, 25.30, 77.0
 2024/9/8 11:50:0, 25.30, 77.0
 2024/9/8 12:0:0, 25.40, 77.0
 2024/9/8 12:10:0, 25.60, 77.0
 2024/9/8 12:20:0, 25.70, 77.0
 2024/9/8 12:30:0, 25.80, 77.0
 2024/9/8 12:40:0, 25.80, 76.0
 2024/9/8 12:50:0, 25.80, 76.0
 2024/9/8 13:0:0, 25.90, 76.0
 2024/9/8 13:10:0, 25.90, 76.0
 2024/9/8 13:20:0, 25.90, 77.0
 2024/9/8 13:30:0, 26.0, 77.0
 2024/9/8 13:40:0, 26.0, 77.0
 2024/9/8 13:50:0, 25.90, 77.0
 2024/9/8 14:0:0, 25.80, 77.0
 2024/9/8 14:10:0, 25.70, 77.0
 2024/9/8 14:20:0, 25.60, 77.0
 2024/9/8 14:30:0, 25.50, 77.0
 2024/9/8 14:40:0, 25.50, 77.0
 2024/9/8 14:50:0, 25.50, 78.0
 2024/9/8 15:0:0, 25.50, 77.0
 2024/9/8 15:10:0, 25.50, 77.0
 2024/9/8 15:20:0, 25.50, 77.0
 2024/9/8 15:30:0, 25.50, 78.0
 2024/9/8 15:40:0, 25.50, 79.0
 2024/9/8 15:50:0, 25.50, 79.0
 2024/9/8 16:0:0, 25.50, 78.0
 2024/9/8 16:10:0, 25.50, 77.0
 2024/9/8 16:20:0, 25.60, 77.0
 2024/9/8 16:30:0, 25.60, 76.0
 2024/9/8 16:40:0, 25.60, 76.0
 2024/9/8 16:50:0, 25.70, 76.0
 2024/9/8 17:0:0, 25.70, 76.0
 2024/9/8 17:10:0, 25.70, 76.0
 2024/9/8 17:20:0, 25.70, 76.0
 2024/9/8 17:30:0, 25.70, 77.0
 2024/9/8 17:40:0, 25.70, 77.0
 2024/9/8 17:50:0, 25.70, 77.0
 2024/9/8 18:0:0, 25.60, 77.0
 2024/9/8 18:10:0, 25.50, 77.0
 2024/9/8 18:20:0, 25.40, 77.0
 2024/9/8 18:30:0, 25.40, 77.0
 2024/9/8 18:40:0, 25.50, 78.0
 2024/9/8 18:50:0, 25.60, 79.0
 2024/9/8 19:0:0, 25.70, 79.0
 2024/9/8 19:10:0, 25.70, 79.0
 2024/9/8 19:20:0, 25.80, 79.0
 2024/9/8 19:30:0, 25.80, 80.0
 2024/9/8 19:40:0, 25.90, 80.0
 2024/9/8 19:50:0, 25.90, 80.0
 2024/9/8 20:0:0, 26.0, 80.0
 2024/9/8 20:10:0, 26.0, 80.0
 2024/9/8 20:20:0, 26.0, 80.0
 2024/9/8 20:30:0, 26.0, 80.0
 2024/9/8 20:40:0, 26.0, 80.0
 2024/9/8 20:50:0, 26.0, 80.0
 2024/9/8 21:0:0, 25.90, 79.0
 2024/9/8 21:10:0, 25.90, 79.0
 2024/9/8 21:20:0, 25.90, 79.0
 2024/9/8 21:30:0, 25.80, 79.0
 2024/9/8 21:40:0, 25.80, 79.0
 2024/9/8 21:50:0, 25.80, 80.0
 2024/9/8 22:0:0, 25.90, 80.0
 2024/9/8 22:10:0, 25.90, 80.0
 2024/9/8 22:20:0, 26.0, 81.0
 2024/9/8 22:30:0, 26.10, 81.0
 2024/9/8 22:40:0, 26.20, 81.0
 2024/9/8 22:50:0, 26.30, 81.0
 2024/9/8 23:0:0, 26.30, 81.0
 2024/9/8 23:10:0, 26.30, 81.0
 2024/9/8 23:20:0, 26.30, 82.0
 2024/9/8 23:30:0, 26.30, 83.0
 2024/9/8 23:40:0, 26.20, 83.0
 2024/9/8 23:50:0, 26.20, 83.0
 2024/9/9 0:0:0, 26.10, 84.0
 2024/9/9 0:10:0, 26.10, 84.0
 2024/9/9 0:20:0, 26.10, 84.0
 2024/9/9 0:30:0, 26.10, 84.0
 2024/9/9 0:40:0, 26.10, 84.0
 2024/9/9 0:50:0, 26.10, 84.0
 2024/9/9 1:0:0, 26.20, 84.0
 2024/9/9 1:10:0, 26.20, 83.0
 2024/9/9 1:20:0, 26.20, 83.0
 2024/9/9 1:30:0, 26.10, 83.0
 2024/9/9 1:40:0, 26.20, 83.0
 2024/9/9 1:50:0, 26.10, 83.0
 2024/9/9 2:0:0, 26.10, 83.0
 2024/9/9 2:10:0, 26.10, 83.0
 2024/9/9 2:20:0, 26.10, 83.0
 2024/9/9 2:30:0, 26.10, 83.0
 2024/9/9 2:40:0, 26.10, 83.0
 2024/9/9 2:50:0, 26.10, 83.0
 2024/9/9 3:0:0, 26.10, 83.0
 2024/9/9 3:10:0, 26.10, 82.0
 2024/9/9 3:20:0, 26.10, 82.0
 2024/9/9 3:30:0, 26.10, 82.0
 2024/9/9 3:40:0, 26.10, 82.0
 2024/9/9 3:50:0, 26.10, 82.0
 2024/9/9 4:0:0, 26.0, 82.0
 2024/9/9 4:10:0, 26.0, 82.0
 2024/9/9 4:20:0, 26.0, 82.0
 2024/9/9 4:30:0, 26.0, 82.0
 2024/9/9 4:40:0, 26.0, 82.0
 2024/9/9 4:50:0, 26.0, 82.0
 2024/9/9 5:0:0, 26.10, 82.0
 2024/9/9 5:10:0, 26.10, 82.0
 2024/9/9 5:20:0, 26.10, 81.0
 2024/9/9 5:30:0, 26.10, 81.0
 2024/9/9 5:40:0, 26.10, 81.0
 2024/9/9 5:50:0, 26.0, 81.0
 2024/9/9 6:0:0, 26.0, 81.0
 2024/9/9 6:10:0, 25.90, 81.0
 2024/9/9 6:20:0, 25.90, 81.0
 2024/9/9 6:30:0, 25.90, 81.0
 2024/9/9 6:40:0, 25.90, 81.0
 2024/9/9 6:50:0, 25.90, 81.0
 2024/9/9 7:0:0, 25.90, 81.0
 2024/9/9 7:10:0, 25.90, 81.0
 2024/9/9 7:20:0, 25.80, 81.0
 2024/9/9 7:30:0, 25.90, 81.0
 2024/9/9 7:40:0, 25.80, 81.0
 2024/9/9 7:50:0, 25.80, 81.0
 2024/9/9 8:0:0, 25.80, 81.0
 2024/9/9 8:10:0, 25.80, 81.0
 2024/9/9 8:20:0, 25.80, 81.0
 2024/9/9 8:30:0, 25.90, 81.0
 2024/9/9 8:40:0, 26.0, 82.0
 2024/9/9 8:50:0, 26.0, 82.0
 2024/9/9 9:0:0, 26.10, 82.0
 2024/9/9 9:10:0, 26.10, 82.0
 2024/9/9 9:20:0, 26.10, 82.0
 2024/9/9 9:30:0, 26.0, 82.0
 2024/9/9 9:40:0, 26.0, 82.0
 2024/9/9 9:50:0, 25.90, 80.0
 2024/9/9 10:0:0, 25.70, 80.0
 2024/9/9 10:10:0, 25.60, 79.0
 2024/9/9 10:20:0, 25.60, 79.0
 2024/9/9 10:30:0, 25.50, 79.0
 2024/9/9 10:40:0, 25.60, 79.0
 2024/9/9 10:50:0, 25.60, 79.0
 2024/9/9 11:0:0, 25.50, 78.0
 2024/9/9 11:10:0, 25.50, 78.0
 2024/9/9 11:20:0, 25.50, 77.0
 2024/9/9 11:30:0, 25.50, 77.0
 2024/9/9 11:40:0, 25.40, 75.0
 2024/9/9 11:50:0, 25.20, 74.0
 2024/9/9 12:0:0, 25.10, 72.0
 2024/9/9 12:10:0, 25.30, 72.0
 2024/9/9 12:20:0, 25.30, 71.0
 2024/9/9 12:30:0, 25.40, 71.0
 2024/9/9 12:40:0, 25.40, 71.0
 2024/9/9 12:50:0, 25.40, 71.0
 2024/9/9 13:0:0, 25.40, 71.0
 2024/9/9 13:10:0, 25.50, 70.0
 2024/9/9 13:20:0, 25.60, 70.0
 2024/9/9 13:30:0, 25.50, 69.0
 2024/9/9 13:40:0, 25.50, 69.0
 2024/9/9 13:50:0, 25.40, 69.0
 2024/9/9 14:0:0, 25.40, 69.0
 2024/9/9 14:10:0, 25.40, 69.0
 2024/9/9 14:20:0, 25.40, 69.0
 2024/9/9 14:30:0, 25.40, 69.0
 2024/9/9 14:40:0, 25.40, 69.0
 2024/9/9 14:50:0, 25.40, 69.0
 2024/9/9 15:0:0, 25.20, 66.0
 2024/9/9 15:10:0, 25.20, 67.0
 2024/9/9 15:20:0, 25.10, 64.0
 2024/9/9 15:30:0, 25.0, 65.0
 2024/9/9 15:40:0, 25.10, 66.0
 2024/9/9 15:50:0, 25.10, 65.0
 2024/9/9 16:0:0, 25.10, 63.0
 2024/9/9 16:10:0, 25.0, 62.0
 2024/9/9 16:20:0, 25.0, 61.0
 2024/9/9 16:30:0, 24.90, 60.0
 2024/9/9 16:40:0, 24.80, 60.0
 2024/9/9 16:50:0, 24.80, 60.0
 2024/9/9 17:0:0, 24.80, 59.0
 2024/9/9 17:10:0, 24.80, 60.0
 2024/9/9 17:20:0, 24.70, 59.0
 2024/9/9 17:30:0, 24.60, 60.0
 2024/9/9 17:40:0, 24.70, 61.0
 2024/9/9 17:50:0, 24.70, 62.0
 2024/9/9 18:0:0, 24.70, 61.0
 2024/9/9 18:10:0, 24.70, 61.0
 2024/9/9 18:20:0, 24.80, 61.0
 2024/9/9 18:30:0, 24.90, 61.0
 2024/9/9 18:40:0, 24.90, 61.0
 2024/9/9 18:50:0, 25.0, 61.0
 2024/9/9 19:0:0, 25.0, 61.0
 2024/9/9 19:10:0, 25.0, 61.0
 2024/9/9 19:20:0, 25.0, 61.0
 2024/9/9 19:30:0, 25.0, 61.0
 2024/9/9 19:40:0, 24.90, 59.0
 2024/9/9 19:50:0, 24.90, 60.0
 2024/9/9 20:0:0, 24.80, 59.0
 2024/9/9 20:10:0, 24.80, 60.0
 2024/9/9 20:20:0, 24.70, 58.0
 2024/9/9 20:30:0, 24.70, 59.0
 2024/9/9 20:40:0, 24.70, 58.0
 2024/9/9 20:50:0, 24.60, 58.0
 2024/9/9 21:0:0, 24.70, 59.0
 2024/9/9 21:10:0, 24.50, 58.0
 2024/9/9 21:20:0, 24.40, 57.0
 2024/9/9 21:30:0, 24.30, 57.0
 2024/9/9 21:40:0, 24.20, 59.0
 2024/9/9 21:50:0, 24.50, 60.0
 2024/9/9 22:0:0, 24.70, 61.0
 2024/9/9 22:10:0, 24.70, 61.0
 2024/9/9 22:20:0, 24.60, 61.0
 2024/9/9 22:30:0, 24.60, 61.0
 2024/9/9 22:40:0, 24.60, 61.0
 2024/9/9 22:50:0, 24.40, 60.0
 2024/9/9 23:0:0, 24.50, 61.0
 2024/9/9 23:10:0, 24.0, 59.0
 2024/9/9 23:20:0, 23.80, 60.0
 2024/9/9 23:30:0, 24.0, 62.0
 2024/9/9 23:40:0, 24.20, 63.0
 2024/9/9 23:50:0, 24.40, 68.0
 2024/9/10 0:0:0, 24.30, 70.0
 2024/9/10 0:10:0, 24.30, 72.0
 2024/9/10 0:20:0, 24.30, 72.0
 2024/9/10 0:30:0, 24.40, 73.0
 2024/9/10 0:40:0, 24.40, 70.0
 2024/9/10 0:50:0, 24.40, 70.0
 2024/9/10 1:0:0, 24.50, 70.0
 2024/9/10 1:10:0, 24.50, 70.0
 2024/9/10 1:20:0, 24.50, 70.0
 2024/9/10 1:30:0, 24.50, 70.0
 2024/9/10 1:40:0, 24.50, 71.0
 2024/9/10 1:50:0, 24.60, 71.0
 2024/9/10 2:0:0, 24.60, 71.0
 2024/9/10 2:10:0, 24.60, 71.0
 2024/9/10 2:20:0, 24.70, 71.0
 2024/9/10 2:30:0, 24.70, 71.0
 2024/9/10 2:40:0, 24.80, 71.0
 2024/9/10 2:50:0, 24.80, 71.0
 2024/9/10 3:0:0, 24.80, 70.0
 2024/9/10 3:10:0, 24.80, 70.0
 2024/9/10 3:20:0, 24.80, 70.0
 2024/9/10 3:30:0, 24.80, 70.0
 2024/9/10 3:40:0, 24.80, 70.0
 2024/9/10 3:50:0, 24.70, 70.0
 2024/9/10 4:0:0, 24.70, 70.0
 2024/9/10 4:10:0, 24.70, 70.0
 2024/9/10 4:20:0, 24.70, 70.0
 2024/9/10 4:30:0, 24.70, 70.0
 2024/9/10 4:40:0, 24.70, 70.0
 2024/9/10 4:50:0, 24.70, 70.0
 2024/9/10 5:0:0, 24.60, 70.0
 2024/9/10 5:10:0, 24.60, 70.0
 2024/9/10 5:20:0, 24.60, 70.0
 2024/9/10 5:30:0, 24.50, 70.0
 2024/9/10 5:40:0, 24.60, 70.0
 2024/9/10 5:50:0, 24.50, 70.0
 2024/9/10 6:0:0, 24.50, 70.0
 2024/9/10 6:10:0, 24.60, 70.0
 2024/9/10 6:20:0, 24.60, 71.0
 2024/9/10 6:30:0, 24.70, 70.0
 2024/9/10 6:40:0, 24.70, 70.0
 2024/9/10 6:50:0, 24.60, 70.0
 2024/9/10 7:0:0, 24.60, 70.0
 2024/9/10 7:10:0, 24.60, 71.0
 2024/9/10 7:20:0, 24.60, 69.0
 2024/9/10 7:30:0, 24.40, 67.0
 2024/9/10 7:40:0, 24.30, 68.0
 2024/9/10 7:50:0, 24.10, 66.0
 2024/9/10 8:0:0, 24.0, 66.0
 2024/9/10 8:10:0, 23.90, 67.0
 2024/9/10 8:20:0, 23.80, 67.0
 2024/9/10 8:30:0, 23.80, 67.0
 2024/9/10 8:40:0, 23.80, 67.0
 2024/9/10 8:50:0, 23.80, 67.0
 2024/9/10 9:0:0, 23.80, 67.0
 2024/9/10 9:10:0, 23.70, 67.0
 2024/9/10 9:20:0, 23.70, 67.0
 2024/9/10 9:30:0, 23.70, 67.0
 2024/9/10 9:40:0, 23.70, 67.0
 2024/9/10 9:50:0, 23.70, 67.0
 2024/9/10 10:0:0, 23.80, 66.0
 2024/9/10 10:10:0, 23.80, 66.0
 2024/9/10 10:20:0, 23.80, 67.0
 2024/9/10 10:30:0, 23.80, 67.0
 2024/9/10 10:40:0, 23.80, 67.0
 2024/9/10 10:50:0, 23.80, 67.0
 2024/9/10 11:0:0, 24.0, 68.0
 2024/9/10 11:10:0, 24.20, 68.0
 2024/9/10 11:20:0, 24.30, 68.0
 2024/9/10 11:30:0, 24.50, 68.0
 2024/9/10 11:40:0, 24.50, 68.0
 2024/9/10 11:50:0, 24.60, 68.0
 2024/9/10 12:0:0, 24.70, 69.0
 2024/9/10 12:10:0, 24.80, 69.0
 2024/9/10 12:20:0, 24.90, 69.0
 2024/9/10 12:30:0, 25.10, 69.0
 2024/9/10 12:40:0, 24.90, 68.0
 2024/9/10 12:50:0, 24.80, 68.0
 2024/9/10 13:0:0, 24.70, 69.0
 2024/9/10 13:10:0, 24.80, 70.0
 2024/9/10 13:20:0, 25.0, 70.0
 2024/9/10 13:30:0, 25.0, 69.0
 2024/9/10 13:40:0, 24.90, 69.0
 2024/9/10 13:50:0, 24.90, 70.0
 2024/9/10 14:0:0, 24.90, 70.0
 2024/9/10 14:10:0, 25.10, 70.0
 2024/9/10 14:20:0, 24.90, 69.0
 2024/9/10 14:30:0, 24.80, 68.0
 2024/9/10 14:40:0, 24.60, 68.0
 2024/9/10 14:50:0, 24.50, 68.0
 2024/9/10 15:0:0, 24.40, 68.0
 2024/9/10 15:10:0, 24.50, 68.0
 2024/9/10 15:20:0, 24.50, 68.0
 2024/9/10 15:30:0, 24.70, 69.0
 2024/9/10 15:40:0, 24.80, 70.0
 2024/9/10 15:50:0, 24.90, 70.0
 2024/9/10 16:0:0, 25.0, 70.0
 2024/9/10 16:10:0, 25.0, 70.0
 2024/9/10 16:20:0, 25.10, 70.0
 2024/9/10 16:30:0, 25.0, 70.0
 2024/9/10 16:40:0, 25.0, 70.0
 2024/9/10 16:50:0, 25.10, 69.0
 2024/9/10 17:0:0, 25.10, 69.0
 2024/9/10 17:10:0, 25.0, 69.0
 2024/9/10 17:20:0, 25.10, 69.0
 2024/9/10 17:30:0, 25.0, 69.0
 2024/9/10 17:40:0, 25.0, 69.0
 2024/9/10 17:50:0, 25.0, 68.0
 2024/9/10 18:0:0, 24.90, 68.0
 2024/9/10 18:10:0, 24.80, 68.0
 2024/9/10 18:20:0, 24.80, 68.0
 2024/9/10 18:30:0, 24.80, 68.0
 2024/9/10 18:40:0, 24.70, 68.0
 2024/9/10 18:50:0, 24.70, 67.0
 2024/9/10 19:0:0, 24.50, 67.0
 2024/9/10 19:10:0, 24.40, 67.0
 2024/9/10 19:20:0, 24.30, 68.0
 2024/9/10 19:30:0, 24.40, 68.0
 2024/9/10 19:40:0, 24.50, 69.0
 2024/9/10 19:50:0, 24.60, 69.0
 2024/9/10 20:0:0, 24.70, 69.0
 2024/9/10 20:10:0, 24.70, 69.0
 2024/9/10 20:20:0, 24.80, 69.0
 2024/9/10 20:30:0, 24.80, 69.0
 2024/9/10 20:40:0, 24.80, 69.0
 2024/9/10 20:50:0, 24.80, 69.0
 2024/9/10 21:0:0, 24.80, 69.0
 2024/9/10 21:10:0, 24.80, 69.0
 2024/9/10 21:20:0, 24.80, 68.0
 2024/9/10 21:30:0, 24.80, 68.0
 2024/9/10 21:40:0, 24.90, 68.0
 2024/9/10 21:50:0, 24.90, 68.0
 2024/9/10 22:0:0, 24.90, 67.0
 2024/9/10 22:10:0, 25.0, 68.0
 2024/9/10 22:20:0, 25.10, 69.0
 2024/9/10 22:30:0, 25.0, 69.0
 2024/9/10 22:40:0, 25.10, 70.0
 2024/9/10 22:50:0, 25.20, 71.0
 2024/9/10 23:0:0, 25.30, 71.0
 2024/9/10 23:10:0, 25.30, 71.0
 2024/9/10 23:20:0, 25.20, 71.0
 2024/9/10 23:30:0, 25.0, 73.0
 2024/9/10 23:40:0, 25.0, 73.0
 2024/9/10 23:50:0, 25.30, 78.0
 2024/9/11 0:0:0, 24.60, 80.0
 2024/9/11 0:10:0, 24.50, 81.0
 2024/9/11 0:20:0, 24.50, 83.0
 2024/9/11 0:30:0, 24.50, 84.0
 2024/9/11 0:40:0, 24.50, 83.0
 2024/9/11 0:50:0, 24.60, 84.0
 2024/9/11 1:0:0, 24.60, 84.0
 2024/9/11 1:10:0, 24.70, 84.0
 2024/9/11 1:20:0, 24.60, 84.0
 2024/9/11 1:30:0, 24.50, 84.0
 2024/9/11 1:40:0, 24.60, 85.0
 2024/9/11 1:50:0, 24.50, 86.0
 2024/9/11 2:0:0, 24.50, 85.0
 2024/9/11 2:10:0, 24.60, 85.0
 2024/9/11 2:20:0, 24.60, 85.0
 2024/9/11 2:30:0, 24.60, 85.0
 2024/9/11 2:40:0, 24.60, 84.0
 2024/9/11 2:50:0, 24.60, 84.0
 2024/9/11 3:0:0, 24.60, 83.0
 2024/9/11 3:10:0, 24.60, 83.0
 2024/9/11 3:20:0, 24.60, 82.0
 2024/9/11 3:30:0, 24.60, 82.0
 2024/9/11 3:40:0, 24.70, 82.0
 2024/9/11 3:50:0, 24.70, 81.0
 2024/9/11 4:0:0, 24.70, 80.0
 2024/9/11 4:10:0, 24.70, 81.0
 2024/9/11 4:20:0, 24.70, 79.0
 2024/9/11 4:30:0, 24.70, 80.0
 2024/9/11 4:40:0, 24.70, 78.0
 2024/9/11 4:50:0, 24.70, 79.0
 2024/9/11 5:0:0, 24.70, 77.0
 2024/9/11 5:10:0, 24.70, 77.0
 2024/9/11 5:20:0, 24.70, 77.0
 2024/9/11 5:30:0, 24.70, 77.0
 2024/9/11 5:40:0, 24.70, 76.0
 2024/9/11 5:50:0, 24.70, 76.0
 2024/9/11 6:0:0, 24.70, 76.0
 2024/9/11 6:10:0, 24.70, 76.0
 2024/9/11 6:20:0, 24.60, 76.0
 2024/9/11 6:30:0, 24.60, 76.0
 2024/9/11 6:40:0, 24.60, 76.0
 2024/9/11 6:50:0, 24.60, 76.0
 2024/9/11 7:0:0, 24.70, 76.0
 2024/9/11 7:10:0, 24.70, 75.0
 2024/9/11 7:20:0, 24.60, 75.0
 2024/9/11 7:30:0, 24.50, 75.0
 2024/9/11 7:40:0, 24.50, 74.0
 2024/9/11 7:50:0, 24.40, 74.0
 2024/9/11 8:0:0, 24.30, 74.0
 2024/9/11 8:10:0, 24.30, 73.0
 2024/9/11 8:20:0, 24.30, 74.0
 2024/9/11 8:30:0, 24.30, 74.0
 2024/9/11 8:40:0, 24.20, 73.0
 2024/9/11 8:50:0, 24.30, 74.0
 2024/9/11 9:0:0, 24.30, 73.0
 2024/9/11 9:10:0, 24.30, 73.0
 2024/9/11 9:20:0, 24.30, 73.0
 2024/9/11 9:30:0, 24.30, 72.0
 2024/9/11 9:40:0, 24.10, 72.0
 2024/9/11 9:50:0, 24.20, 72.0
 2024/9/11 10:0:0, 24.20, 72.0
 2024/9/11 10:10:0, 24.20, 72.0
 2024/9/11 10:20:0, 24.20, 71.0
 2024/9/11 10:30:0, 24.30, 71.0
 2024/9/11 10:40:0, 24.30, 71.0
 2024/9/11 10:50:0, 24.30, 71.0
 2024/9/11 11:0:0, 24.40, 71.0
 2024/9/11 11:10:0, 24.50, 71.0
 2024/9/11 11:20:0, 24.50, 71.0
 2024/9/11 11:30:0, 24.50, 72.0
 2024/9/11 11:40:0, 24.50, 72.0
 2024/9/11 11:50:0, 24.50, 72.0
 2024/9/11 12:0:0, 24.50, 72.0
 2024/9/11 12:10:0, 24.60, 73.0
 2024/9/11 12:20:0, 24.70, 73.0
 2024/9/11 12:30:0, 24.70, 73.0
 2024/9/11 12:40:0, 24.80, 73.0
 2024/9/11 12:50:0, 24.70, 73.0
 2024/9/11 13:0:0, 24.60, 73.0
 2024/9/11 13:10:0, 24.60, 74.0
 2024/9/11 13:20:0, 24.70, 73.0
 2024/9/11 13:30:0, 24.70, 73.0
 2024/9/11 13:40:0, 24.70, 74.0
 2024/9/11 13:50:0, 24.80, 74.0
 2024/9/11 14:0:0, 24.80, 74.0
 2024/9/11 14:10:0, 24.80, 75.0
 2024/9/11 14:20:0, 24.80, 74.0
 2024/9/11 14:30:0, 24.90, 75.0
 2024/9/11 14:40:0, 24.90, 75.0
 2024/9/11 14:50:0, 24.90, 75.0
 2024/9/11 15:0:0, 24.80, 75.0
 2024/9/11 15:10:0, 24.70, 75.0
 2024/9/11 15:20:0, 24.70, 75.0
 2024/9/11 15:30:0, 24.80, 75.0
 2024/9/11 15:40:0, 24.90, 75.0
 2024/9/11 15:50:0, 24.90, 75.0
 2024/9/11 16:0:0, 24.90, 76.0
 2024/9/11 16:10:0, 24.90, 76.0
 2024/9/11 16:20:0, 24.90, 76.0
 2024/9/11 16:30:0, 25.0, 76.0
 2024/9/11 16:40:0, 25.0, 76.0
 2024/9/11 16:50:0, 25.10, 76.0
 2024/9/11 17:0:0, 25.10, 75.0
 2024/9/11 17:10:0, 25.10, 75.0
 2024/9/11 17:20:0, 25.10, 75.0
 2024/9/11 17:30:0, 25.10, 75.0
 2024/9/11 17:40:0, 25.10, 75.0
 2024/9/11 17:50:0, 25.10, 75.0
 2024/9/11 18:0:0, 25.10, 74.0
 2024/9/11 18:10:0, 25.20, 74.0
 2024/9/11 18:20:0, 25.10, 74.0
 2024/9/11 18:30:0, 25.20, 74.0
 2024/9/11 18:40:0, 25.20, 74.0
 2024/9/11 18:50:0, 25.20, 74.0
 2024/9/11 19:0:0, 25.20, 73.0
 2024/9/11 19:10:0, 25.0, 72.0
 2024/9/11 19:20:0, 24.90, 73.0
 2024/9/11 19:30:0, 24.80, 73.0
 2024/9/11 19:40:0, 24.80, 73.0
 2024/9/11 19:50:0, 24.80, 74.0
 2024/9/11 20:0:0, 24.80, 74.0
 2024/9/11 20:10:0, 24.80, 73.0
 2024/9/11 20:20:0, 24.80, 73.0
 2024/9/11 20:30:0, 24.80, 74.0
 2024/9/11 20:40:0, 24.80, 73.0
 2024/9/11 20:50:0, 24.80, 73.0
 2024/9/11 21:0:0, 24.90, 73.0
 2024/9/11 21:10:0, 24.90, 73.0
 2024/9/11 21:20:0, 24.80, 72.0
 2024/9/11 21:30:0, 24.80, 72.0
 2024/9/11 21:40:0, 25.10, 72.0
 2024/9/11 21:50:0, 24.90, 72.0
 2024/9/11 22:0:0, 24.80, 72.0
 2024/9/11 22:10:0, 24.90, 73.0
 2024/9/11 22:20:0, 24.90, 73.0
 2024/9/11 22:30:0, 24.90, 74.0
 2024/9/11 22:40:0, 25.0, 74.0
 2024/9/11 22:50:0, 25.10, 74.0
 2024/9/11 23:0:0, 25.10, 74.0
 2024/9/11 23:10:0, 25.10, 74.0
 2024/9/11 23:20:0, 25.20, 75.0
 2024/9/11 23:30:0, 25.30, 75.0
 2024/9/11 23:40:0, 25.20, 75.0
 2024/9/11 23:50:0, 25.20, 75.0
 2024/9/12 0:0:0, 25.10, 75.0
 2024/9/12 0:10:0, 25.0, 76.0
 2024/9/12 0:20:0, 24.90, 77.0
 2024/9/12 0:30:0, 24.90, 77.0
 2024/9/12 0:40:0, 24.90, 77.0
 2024/9/12 0:50:0, 24.80, 77.0
 2024/9/12 1:0:0, 24.80, 77.0
 2024/9/12 1:10:0, 24.80, 77.0
 2024/9/12 1:20:0, 24.70, 77.0
 2024/9/12 1:30:0, 24.70, 76.0
 2024/9/12 1:40:0, 24.70, 76.0
 2024/9/12 1:50:0, 24.70, 76.0
 2024/9/12 2:0:0, 24.70, 76.0
 2024/9/12 2:10:0, 24.80, 76.0
 2024/9/12 2:20:0, 24.80, 76.0
 2024/9/12 2:30:0, 24.80, 75.0
 2024/9/12 2:40:0, 24.70, 76.0
 2024/9/12 2:50:0, 24.70, 76.0
 2024/9/12 3:0:0, 24.70, 75.0
 2024/9/12 3:10:0, 24.70, 75.0
 2024/9/12 3:20:0, 24.70, 75.0
 2024/9/12 3:30:0, 24.70, 75.0
 2024/9/12 3:40:0, 24.70, 75.0
 2024/9/12 3:50:0, 24.70, 74.0
 2024/9/12 4:0:0, 24.60, 75.0
 2024/9/12 4:10:0, 24.60, 74.0
 2024/9/12 4:20:0, 24.60, 73.0
 2024/9/12 4:30:0, 24.60, 73.0
 2024/9/12 4:40:0, 24.60, 73.0
 2024/9/12 4:50:0, 24.60, 72.0
 2024/9/12 5:0:0, 24.50, 72.0
 2024/9/12 5:10:0, 24.50, 73.0
 2024/9/12 5:20:0, 24.60, 71.0
 2024/9/12 5:30:0, 24.50, 72.0
 2024/9/12 5:40:0, 24.40, 72.0
 2024/9/12 5:50:0, 24.40, 72.0
 2024/9/12 6:0:0, 24.40, 72.0
 2024/9/12 6:10:0, 24.40, 72.0
 2024/9/12 6:20:0, 24.40, 72.0
 2024/9/12 6:30:0, 24.40, 72.0
 2024/9/12 6:40:0, 24.40, 72.0
 2024/9/12 6:50:0, 24.30, 71.0
 2024/9/12 7:0:0, 24.40, 71.0
 2024/9/12 7:10:0, 24.30, 70.0
 2024/9/12 7:20:0, 24.20, 72.0
 2024/9/12 7:30:0, 24.10, 71.0
 2024/9/12 7:40:0, 24.10, 70.0
 2024/9/12 7:50:0, 24.10, 69.0
 2024/9/12 8:0:0, 24.0, 69.0
 2024/9/12 8:10:0, 24.0, 68.0
 2024/9/12 8:20:0, 23.90, 68.0
 2024/9/12 8:30:0, 23.90, 68.0
 2024/9/12 8:40:0, 23.90, 67.0
 2024/9/12 8:50:0, 23.90, 67.0
 2024/9/12 9:0:0, 23.90, 67.0
 2024/9/12 9:10:0, 23.90, 67.0
 2024/9/12 9:20:0, 23.90, 67.0
 2024/9/12 9:30:0, 23.90, 67.0
 2024/9/12 9:40:0, 23.90, 67.0
 2024/9/12 9:50:0, 23.90, 67.0
 2024/9/12 10:0:0, 23.90, 67.0
 2024/9/12 10:10:0, 24.0, 68.0
 2024/9/12 10:20:0, 24.10, 67.0
 2024/9/12 10:30:0, 24.20, 67.0
 2024/9/12 10:40:0, 24.30, 67.0
 2024/9/12 10:50:0, 24.40, 67.0
 2024/9/12 11:0:0, 24.40, 67.0
 2024/9/12 11:10:0, 24.50, 67.0
 2024/9/12 11:20:0, 24.50, 67.0
 2024/9/12 11:30:0, 24.50, 67.0
 2024/9/12 11:40:0, 24.60, 68.0
 2024/9/12 11:50:0, 24.70, 68.0
 2024/9/12 12:0:0, 24.70, 69.0
 2024/9/12 12:10:0, 24.80, 68.0
 2024/9/12 12:20:0, 24.90, 69.0
 2024/9/12 12:30:0, 24.80, 67.0
 2024/9/12 12:40:0, 24.80, 67.0
 2024/9/12 12:50:0, 24.90, 67.0
 2024/9/12 13:0:0, 25.0, 68.0
 2024/9/12 13:10:0, 25.10, 68.0
 2024/9/12 13:20:0, 25.20, 69.0
 2024/9/12 13:30:0, 25.20, 69.0
 2024/9/12 13:40:0, 25.20, 70.0
 2024/9/12 13:50:0, 25.20, 70.0
 2024/9/12 14:0:0, 25.10, 70.0
 2024/9/12 14:10:0, 25.0, 70.0
 2024/9/12 14:20:0, 25.0, 70.0
 2024/9/12 14:30:0, 25.0, 70.0
 2024/9/12 14:40:0, 24.90, 69.0
 2024/9/12 14:50:0, 25.0, 70.0
 2024/9/12 15:0:0, 25.0, 71.0
 2024/9/12 15:10:0, 25.0, 69.0
 2024/9/12 15:20:0, 25.0, 69.0
 2024/9/12 15:30:0, 25.10, 70.0
 2024/9/12 15:40:0, 25.10, 70.0
 2024/9/12 15:50:0, 25.10, 71.0
 2024/9/12 16:0:0, 25.20, 71.0
 2024/9/12 16:10:0, 25.20, 71.0
 2024/9/12 16:20:0, 25.20, 69.0
 2024/9/12 16:30:0, 25.10, 69.0
 2024/9/12 16:40:0, 25.0, 69.0
 2024/9/12 16:50:0, 24.90, 70.0
 2024/9/12 17:0:0, 25.0, 71.0
 2024/9/12 17:10:0, 25.0, 72.0
 2024/9/12 17:20:0, 25.10, 72.0
 2024/9/12 17:30:0, 25.10, 72.0
 2024/9/12 17:40:0, 25.10, 72.0
 2024/9/12 17:50:0, 25.10, 72.0
 2024/9/12 18:0:0, 25.10, 72.0
 2024/9/12 18:10:0, 25.10, 72.0
 2024/9/12 18:20:0, 25.10, 72.0
 2024/9/12 18:30:0, 25.10, 72.0
 2024/9/12 18:40:0, 25.20, 72.0
 2024/9/12 18:50:0, 25.20, 73.0
 2024/9/12 19:0:0, 25.10, 72.0
 2024/9/12 19:10:0, 24.90, 72.0
 2024/9/12 19:20:0, 24.80, 72.0
 2024/9/12 19:30:0, 24.80, 72.0
 2024/9/12 19:40:0, 24.70, 72.0
 2024/9/12 19:50:0, 24.60, 72.0
 2024/9/12 20:0:0, 24.60, 72.0
 2024/9/12 20:10:0, 24.60, 72.0
 2024/9/12 20:20:0, 24.50, 71.0
 2024/9/12 20:30:0, 24.50, 71.0
 2024/9/12 20:40:0, 24.40, 71.0
 2024/9/12 20:50:0, 24.40, 71.0
 2024/9/12 21:0:0, 24.40, 71.0
 2024/9/12 21:10:0, 24.30, 71.0
 2024/9/12 21:20:0, 24.40, 71.0
 2024/9/12 21:30:0, 24.40, 72.0
 2024/9/12 21:40:0, 24.40, 72.0
 2024/9/12 21:50:0, 24.40, 72.0
 2024/9/12 22:0:0, 24.40, 72.0
 2024/9/12 22:10:0, 24.40, 71.0
 2024/9/12 22:20:0, 24.40, 71.0
 2024/9/12 22:30:0, 24.50, 71.0
 2024/9/12 22:40:0, 24.60, 72.0
 2024/9/12 22:50:0, 24.70, 72.0
 2024/9/12 23:0:0, 24.80, 72.0
 2024/9/12 23:10:0, 24.80, 72.0
 2024/9/12 23:20:0, 24.80, 72.0
 2024/9/12 23:30:0, 24.80, 72.0
 2024/9/12 23:40:0, 24.90, 72.0
 2024/9/12 23:50:0, 24.80, 72.0
 2024/9/13 0:0:0, 24.80, 76.0
 2024/9/13 0:10:0, 24.70, 79.0
 2024/9/13 0:20:0, 24.60, 79.0
 2024/9/13 0:30:0, 24.50, 79.0
 2024/9/13 0:40:0, 24.50, 80.0
 2024/9/13 0:50:0, 24.50, 80.0
 2024/9/13 1:0:0, 24.50, 79.0
 2024/9/13 1:10:0, 24.50, 79.0
 2024/9/13 1:20:0, 24.50, 79.0
 2024/9/13 1:30:0, 24.50, 80.0
 2024/9/13 1:40:0, 24.50, 81.0
 2024/9/13 1:50:0, 24.40, 80.0
 2024/9/13 2:0:0, 24.50, 80.0
 2024/9/13 2:10:0, 24.50, 81.0
 2024/9/13 2:20:0, 24.50, 80.0
 2024/9/13 2:30:0, 24.50, 79.0
 2024/9/13 2:40:0, 24.50, 79.0
 2024/9/13 2:50:0, 24.50, 77.0
