Date & Time     , T(C)  , H(%) 
2024/4/9 15:0:0 , 21.30 , 60.0
2024/4/9 15:30:0 , 21.40 , 61.0
2024/4/9 16:0:0 , 21.10 , 62.0
2024/4/9 16:30:0 , 21.20 , 63.0
2024/4/9 17:0:0 , 21.0 , 63.0
2024/4/9 17:30:0 , 20.90 , 62.0
2024/4/9 18:0:0 , 20.80 , 62.0
2024/4/9 18:30:0 , 20.90 , 64.0
2024/4/9 19:0:0 , 20.90 , 63.0
2024/4/9 19:30:0 , 20.80 , 57.0
2024/4/9 20:0:0 , 20.70 , 59.0
2024/4/9 20:30:0 , 20.60 , 62.0
2024/4/9 21:0:0 , 20.60 , 62.0
2024/4/9 21:30:0 , 20.70 , 62.0
2024/4/9 22:0:0 , 20.80 , 61.0
2024/4/9 22:30:0 , 20.80 , 63.0
2024/4/9 23:0:0 , 20.70 , 62.0
2024/4/9 23:30:0 , 20.50 , 62.0
2024/4/10 0:0:0 , 20.20 , 65.0
2024/4/10 0:30:0 , 20.0 , 66.0
2024/4/10 1:0:0 , 20.0 , 65.0
2024/4/10 1:30:0 , 20.0 , 66.0
2024/4/10 2:0:0 , 19.90 , 67.0
2024/4/10 2:30:0 , 19.80 , 69.0
2024/4/10 3:0:0 , 19.60 , 68.0
2024/4/10 3:30:0 , 19.40 , 69.0
2024/4/10 4:0:0 , 19.40 , 69.0
2024/4/10 4:30:0 , 19.30 , 67.0
2024/4/10 5:0:0 , 19.20 , 66.0
2024/4/10 5:30:0 , 19.10 , 65.0
2024/4/10 6:0:0 , 19.10 , 66.0
2024/4/10 6:30:0 , 19.0 , 64.0
2024/4/10 7:0:0 , 19.10 , 64.0
2024/4/10 7:30:0 , 19.40 , 64.0
2024/4/10 8:0:0 , 19.60 , 66.0
2024/4/10 8:30:0 , 19.70 , 66.0
2024/4/10 9:0:0 , 20.0 , 65.0
2024/4/10 9:30:0 , 20.40 , 65.0
2024/4/10 10:0:0 , 20.60 , 64.0
2024/4/10 10:30:0 , 20.90 , 63.0
2024/4/10 11:0:0 , 20.90 , 63.0
2024/4/10 11:30:0 , 21.30 , 64.0
2024/4/10 12:0:0 , 21.30 , 64.0
2024/4/10 12:30:0 , 21.50 , 64.0
2024/4/10 13:0:0 , 21.30 , 65.0
2024/4/10 13:30:0 , 21.10 , 65.0
2024/4/10 14:0:0 , 21.10 , 66.0
2024/4/10 14:30:0 , 21.0 , 67.0
2024/4/10 15:0:0 , 21.0 , 69.0
2024/4/10 15:30:0 , 21.20 , 70.0
2024/4/10 16:0:0 , 21.20 , 69.0
2024/4/10 16:30:0 , 21.20 , 71.0
2024/4/10 17:0:0 , 21.20 , 71.0
2024/4/10 17:30:0 , 21.10 , 70.0
2024/4/10 18:0:0 , 21.0 , 70.0
2024/4/10 18:30:0 , 20.90 , 71.0
2024/4/10 19:0:0 , 20.90 , 72.0
2024/4/10 19:30:0 , 20.80 , 73.0
2024/4/10 20:0:0 , 20.70 , 77.0
2024/4/10 20:30:0 , 20.70 , 74.0
2024/4/10 21:0:0 , 20.80 , 73.0
2024/4/10 21:30:0 , 22.30 , 69.0
2024/4/10 22:0:0 , 21.0 , 71.0
2024/4/10 22:30:0 , 20.80 , 71.0
2024/4/10 23:0:0 , 20.60 , 71.0
2024/4/10 23:30:0 , 20.40 , 70.0
2024/4/11 0:0:0 , 20.40 , 69.0
2024/4/11 0:30:0 , 20.30 , 70.0
2024/4/11 1:0:0 , 20.30 , 72.0
2024/4/11 1:30:0 , 20.10 , 74.0
2024/4/11 2:0:0 , 19.90 , 73.0
2024/4/11 2:30:0 , 19.90 , 74.0
2024/4/11 3:0:0 , 19.60 , 76.0
2024/4/11 3:30:0 , 19.40 , 78.0
2024/4/11 4:0:0 , 19.30 , 78.0
2024/4/11 4:30:0 , 19.30 , 79.0
2024/4/11 5:0:0 , 19.10 , 79.0
2024/4/11 5:30:0 , 19.0 , 80.0
2024/4/11 6:0:0 , 18.80 , 81.0
2024/4/11 6:30:0 , 18.80 , 84.0
2024/4/11 7:0:0 , 19.20 , 82.0
2024/4/11 7:30:0 , 18.90 , 81.0
2024/4/11 8:0:0 , 19.10 , 81.0
2024/4/11 8:30:0 , 19.70 , 79.0
2024/4/11 9:0:0 , 20.10 , 78.0
2024/4/11 9:30:0 , 20.50 , 76.0
2024/4/11 10:0:0 , 20.90 , 76.0
2024/4/11 10:30:0 , 21.0 , 75.0
2024/4/11 11:0:0 , 21.20 , 71.0
2024/4/11 11:30:0 , 21.50 , 69.0
2024/4/11 12:0:0 , 21.70 , 70.0
2024/4/11 12:30:0 , 21.70 , 69.0
2024/4/11 13:0:0 , 21.40 , 71.0
2024/4/11 13:30:0 , 21.20 , 72.0
2024/4/11 14:0:0 , 21.30 , 74.0
2024/4/11 14:30:0 , 21.30 , 75.0
2024/4/11 15:0:0 , 21.30 , 75.0
2024/4/11 15:30:0 , 21.50 , 74.0
2024/4/11 16:0:0 , 21.40 , 74.0
2024/4/11 16:30:0 , 21.40 , 75.0
2024/4/11 17:0:0 , 21.50 , 79.0
2024/4/11 17:30:0 , 21.50 , 75.0
2024/4/11 18:0:0 , 21.40 , 79.0
2024/4/11 18:30:0 , 21.10 , 80.0
2024/4/11 19:0:0 , 20.90 , 81.0
2024/4/11 19:30:0 , 20.80 , 81.0
2024/4/11 20:0:0 , 20.20 , 85.0
2024/4/11 20:30:0 , 20.30 , 85.0
2024/4/11 21:0:0 , 20.30 , 85.0
2024/4/11 21:30:0 , 20.20 , 85.0
2024/4/11 22:0:0 , 20.30 , 85.0
2024/4/11 22:30:0 , 20.10 , 85.0
2024/4/11 23:0:0 , 20.50 , 83.0
2024/4/11 23:30:0 , 20.20 , 83.0
2024/4/12 0:0:0 , 20.0 , 85.0
2024/4/12 0:30:0 , 20.0 , 84.0
2024/4/12 1:0:0 , 19.90 , 84.0
2024/4/12 1:30:0 , 19.80 , 85.0
2024/4/12 2:0:0 , 19.70 , 85.0
2024/4/12 2:30:0 , 19.70 , 85.0
2024/4/12 3:0:0 , 19.70 , 85.0
2024/4/12 3:30:0 , 19.70 , 85.0
2024/4/12 4:0:0 , 19.60 , 85.0
2024/4/12 4:30:0 , 19.50 , 85.0
2024/4/12 5:0:0 , 19.20 , 86.0
2024/4/12 5:30:0 , 18.90 , 87.0
2024/4/12 6:0:0 , 18.80 , 88.0
2024/4/12 6:30:0 , 18.80 , 89.0
2024/4/12 7:0:0 , 19.0 , 89.0
2024/4/12 7:30:0 , 19.50 , 87.0
2024/4/12 8:0:0 , 19.90 , 85.0
2024/4/12 8:30:0 , 20.10 , 83.0
2024/4/12 9:0:0 , 20.50 , 83.0
2024/4/12 9:30:0 , 21.0 , 82.0
2024/4/12 10:0:0 , 21.20 , 81.0
2024/4/12 10:30:0 , 21.50 , 79.0
2024/4/12 11:0:0 , 21.70 , 78.0
2024/4/12 11:30:0 , 21.90 , 77.0
2024/4/12 12:0:0 , 22.0 , 76.0
2024/4/12 12:30:0 , 22.10 , 76.0
2024/4/12 13:0:0 , 21.90 , 75.0
2024/4/12 13:30:0 , 21.90 , 74.0
2024/4/12 14:0:0 , 22.20 , 74.0
2024/4/12 14:30:0 , 22.30 , 74.0
2024/4/12 15:0:0 , 22.50 , 74.0
2024/4/12 15:30:0 , 22.50 , 74.0
2024/4/12 16:0:0 , 22.60 , 74.0
2024/4/12 16:30:0 , 22.60 , 72.0
2024/4/12 17:0:0 , 22.60 , 71.0
2024/4/12 17:30:0 , 22.40 , 71.0
2024/4/12 18:0:0 , 22.40 , 71.0
2024/4/12 18:30:0 , 22.50 , 72.0
2024/4/12 19:0:0 , 22.40 , 70.0
2024/4/12 19:30:0 , 22.20 , 70.0
2024/4/12 20:0:0 , 22.10 , 72.0
2024/4/12 20:30:0 , 21.90 , 73.0
2024/4/12 21:0:0 , 21.50 , 73.0
2024/4/12 21:30:0 , 21.30 , 74.0
2024/4/12 22:0:0 , 21.10 , 75.0
2024/4/12 22:30:0 , 21.0 , 77.0
2024/4/12 23:0:0 , 21.20 , 78.0
2024/4/12 23:30:0 , 21.0 , 78.0
2024/4/13 0:0:0 , 20.90 , 78.0
2024/4/13 0:30:0 , 20.90 , 78.0
2024/4/13 1:0:0 , 20.80 , 80.0
2024/4/13 1:30:0 , 20.60 , 80.0
2024/4/13 2:0:0 , 20.40 , 81.0
2024/4/13 2:30:0 , 20.20 , 80.0
2024/4/13 3:0:0 , 20.30 , 81.0
2024/4/13 3:30:0 , 20.30 , 80.0
2024/4/13 4:0:0 , 20.30 , 81.0
2024/4/13 4:30:0 , 20.40 , 81.0
2024/4/13 5:0:0 , 20.40 , 81.0
2024/4/13 5:30:0 , 20.30 , 82.0
2024/4/13 6:0:0 , 20.30 , 83.0
2024/4/13 6:30:0 , 20.20 , 84.0
2024/4/13 7:0:0 , 20.30 , 85.0
2024/4/13 7:30:0 , 20.30 , 85.0
2024/4/13 8:0:0 , 20.50 , 85.0
2024/4/13 8:30:0 , 20.60 , 85.0
2024/4/13 9:0:0 , 20.80 , 84.0
2024/4/13 9:30:0 , 21.20 , 84.0
2024/4/13 10:0:0 , 21.40 , 83.0
2024/4/13 10:30:0 , 21.50 , 83.0
2024/4/13 11:0:0 , 21.50 , 83.0
2024/4/13 11:30:0 , 21.70 , 83.0
2024/4/13 12:0:0 , 21.80 , 82.0
2024/4/13 12:30:0 , 21.70 , 84.0
2024/4/13 13:0:0 , 21.80 , 83.0
2024/4/13 13:30:0 , 22.50 , 79.0
2024/4/13 14:0:0 , 22.50 , 80.0
2024/4/13 14:30:0 , 22.40 , 79.0
2024/4/13 15:0:0 , 22.40 , 79.0
2024/4/13 15:30:0 , 22.40 , 79.0
2024/4/13 16:0:0 , 22.60 , 79.0
2024/4/13 16:30:0 , 22.60 , 80.0
2024/4/13 17:0:0 , 22.60 , 79.0
2024/4/13 17:30:0 , 22.60 , 79.0
2024/4/13 18:0:0 , 22.50 , 79.0
2024/4/13 18:30:0 , 22.40 , 79.0
2024/4/13 19:0:0 , 22.30 , 79.0
2024/4/13 19:30:0 , 22.20 , 80.0
2024/4/13 20:0:0 , 22.20 , 80.0
2024/4/13 20:30:0 , 22.10 , 82.0
2024/4/13 21:0:0 , 22.20 , 83.0
2024/4/13 21:30:0 , 22.20 , 83.0
2024/4/13 22:0:0 , 22.0 , 84.0
2024/4/13 22:30:0 , 22.0 , 85.0
2024/4/13 23:0:0 , 22.0 , 85.0
2024/4/13 23:30:0 , 21.90 , 85.0
2024/4/14 0:0:0 , 21.80 , 86.0
2024/4/14 0:30:0 , 21.70 , 86.0
2024/4/14 1:0:0 , 21.60 , 87.0
2024/4/14 1:30:0 , 21.30 , 89.0
2024/4/14 2:0:0 , 21.40 , 89.0
2024/4/14 2:30:0 , 21.20 , 90.0
2024/4/14 3:0:0 , 21.10 , 91.0
2024/4/14 3:30:0 , 21.10 , 91.0
2024/4/14 4:0:0 , 21.20 , 91.0
2024/4/14 4:30:0 , 21.0 , 91.0
2024/4/14 5:0:0 , 21.0 , 92.0
2024/4/14 5:30:0 , 21.10 , 92.0
2024/4/14 6:0:0 , 21.10 , 92.0
2024/4/14 6:30:0 , 21.10 , 92.0
2024/4/14 7:0:0 , 21.10 , 91.0
2024/4/14 7:30:0 , 21.20 , 90.0
2024/4/14 8:0:0 , 21.20 , 91.0
2024/4/14 8:30:0 , 21.20 , 91.0
2024/4/14 9:0:0 , 21.50 , 90.0
2024/4/14 9:30:0 , 21.70 , 90.0
2024/4/14 10:0:0 , 22.20 , 89.0
2024/4/14 10:30:0 , 22.70 , 88.0
2024/4/14 11:0:0 , 22.90 , 86.0
2024/4/14 11:30:0 , 23.20 , 84.0
2024/4/14 12:0:0 , 23.40 , 82.0
2024/4/14 12:30:0 , 23.50 , 81.0
2024/4/14 13:0:0 , 23.30 , 81.0
2024/4/14 13:30:0 , 23.40 , 81.0
2024/4/14 14:0:0 , 23.60 , 80.0
2024/4/14 14:30:0 , 23.80 , 80.0
2024/4/14 15:0:0 , 23.80 , 79.0
2024/4/14 15:30:0 , 23.80 , 78.0
2024/4/14 16:0:0 , 23.70 , 78.0
2024/4/14 16:30:0 , 23.70 , 78.0
2024/4/14 17:0:0 , 23.60 , 78.0
2024/4/14 17:30:0 , 23.50 , 77.0
2024/4/14 18:0:0 , 23.50 , 77.0
2024/4/14 18:30:0 , 23.40 , 78.0
2024/4/14 19:0:0 , 23.30 , 79.0
2024/4/14 19:30:0 , 23.30 , 79.0
2024/4/14 20:0:0 , 23.30 , 79.0
2024/4/14 20:30:0 , 23.20 , 79.0
2024/4/14 21:0:0 , 23.10 , 83.0
2024/4/14 21:30:0 , 23.0 , 84.0
2024/4/14 22:0:0 , 23.0 , 87.0
2024/4/14 22:30:0 , 22.80 , 88.0
2024/4/14 23:0:0 , 22.70 , 89.0
2024/4/14 23:30:0 , 22.70 , 89.0
2024/4/15 0:0:0 , 22.40 , 90.0
2024/4/15 0:30:0 , 22.20 , 91.0
2024/4/15 1:0:0 , 22.10 , 91.0
2024/4/15 1:30:0 , 21.90 , 92.0
2024/4/15 2:0:0 , 21.80 , 92.0
2024/4/15 2:30:0 , 21.70 , 94.0
2024/4/15 3:0:0 , 21.60 , 93.0
2024/4/15 3:30:0 , 21.80 , 93.0
2024/4/15 4:0:0 , 21.70 , 93.0
2024/4/15 4:30:0 , 21.40 , 93.0
2024/4/15 5:0:0 , 21.30 , 93.0
2024/4/15 5:30:0 , 21.50 , 93.0
2024/4/15 6:0:0 , 21.30 , 94.0
2024/4/15 6:30:0 , 21.50 , 95.0
2024/4/15 7:0:0 , 21.60 , 95.0
2024/4/15 7:30:0 , 21.70 , 95.0
2024/4/15 8:0:0 , 21.80 , 93.0
2024/4/15 8:30:0 , 21.90 , 92.0
2024/4/15 9:0:0 , 22.0 , 92.0
2024/4/15 9:30:0 , 22.20 , 91.0
2024/4/15 10:0:0 , 22.70 , 90.0
2024/4/15 10:30:0 , 22.90 , 89.0
2024/4/15 11:0:0 , 23.10 , 88.0
2024/4/15 11:30:0 , 23.30 , 87.0
2024/4/15 12:0:0 , 23.40 , 87.0
2024/4/15 12:30:0 , 23.30 , 86.0
2024/4/15 13:0:0 , 23.40 , 85.0
2024/4/15 13:30:0 , 23.40 , 84.0
2024/4/15 14:0:0 , 23.50 , 84.0
2024/4/15 14:30:0 , 23.60 , 84.0
2024/4/15 15:0:0 , 24.10 , 82.0
2024/4/15 15:30:0 , 24.0 , 82.0
2024/4/15 16:0:0 , 24.0 , 81.0
2024/4/15 16:30:0 , 24.10 , 81.0
2024/4/15 17:0:0 , 24.20 , 80.0
2024/4/15 17:30:0 , 24.40 , 80.0
2024/4/15 18:0:0 , 24.20 , 80.0
2024/4/15 18:30:0 , 24.10 , 80.0
2024/4/15 19:0:0 , 24.30 , 80.0
2024/4/15 19:30:0 , 24.10 , 80.0
2024/4/15 20:0:0 , 24.0 , 81.0
2024/4/15 20:30:0 , 24.0 , 82.0
2024/4/15 21:0:0 , 24.20 , 82.0
2024/4/15 21:30:0 , 24.0 , 82.0
2024/4/15 22:0:0 , 24.0 , 82.0
2024/4/15 22:30:0 , 24.20 , 83.0
2024/4/15 23:0:0 , 24.20 , 83.0
2024/4/15 23:30:0 , 24.20 , 83.0
2024/4/16 0:0:0 , 24.10 , 83.0
2024/4/16 0:30:0 , 23.90 , 83.0
2024/4/16 1:0:0 , 23.90 , 83.0
2024/4/16 1:30:0 , 23.90 , 81.0
2024/4/16 2:0:0 , 23.80 , 81.0
2024/4/16 2:30:0 , 23.70 , 79.0
2024/4/16 3:0:0 , 23.40 , 79.0
2024/4/16 3:30:0 , 23.30 , 80.0
2024/4/16 4:0:0 , 23.30 , 81.0
2024/4/16 4:30:0 , 23.10 , 81.0
2024/4/16 5:0:0 , 22.90 , 81.0
2024/4/16 5:30:0 , 22.80 , 80.0
2024/4/16 6:0:0 , 22.60 , 80.0
2024/4/16 6:30:0 , 22.50 , 81.0
2024/4/16 7:0:0 , 22.50 , 81.0
2024/4/16 7:30:0 , 22.40 , 81.0
2024/4/16 8:0:0 , 22.30 , 81.0
2024/4/16 8:30:0 , 22.50 , 81.0
2024/4/16 9:0:0 , 22.30 , 80.0
2024/4/16 9:30:0 , 22.30 , 76.0
2024/4/16 10:0:0 , 22.40 , 74.0
2024/4/16 10:30:0 , 22.70 , 72.0
2024/4/16 11:0:0 , 22.80 , 72.0
2024/4/16 11:30:0 , 23.0 , 74.0
2024/4/16 12:0:0 , 23.0 , 73.0
2024/4/16 12:30:0 , 24.0 , 72.0
2024/4/16 13:0:0 , 24.60 , 70.0
2024/4/16 13:30:0 , 24.60 , 71.0
2024/4/16 14:0:0 , 24.60 , 73.0
2024/4/16 14:30:0 , 24.90 , 74.0
2024/4/16 15:0:0 , 25.20 , 73.0
2024/4/16 15:30:0 , 25.0 , 73.0
2024/4/16 16:0:0 , 24.70 , 74.0
2024/4/16 16:30:0 , 24.50 , 75.0
2024/4/16 17:0:0 , 24.40 , 75.0
2024/4/16 17:30:0 , 24.30 , 75.0
2024/4/16 18:0:0 , 24.40 , 76.0
2024/4/16 18:30:0 , 24.20 , 75.0
2024/4/16 19:0:0 , 24.20 , 75.0
2024/4/16 19:30:0 , 24.0 , 76.0
2024/4/16 20:0:0 , 23.80 , 78.0
2024/4/16 20:30:0 , 23.80 , 79.0
2024/4/16 21:0:0 , 23.80 , 80.0
2024/4/16 21:30:0 , 23.90 , 81.0
2024/4/16 22:0:0 , 23.80 , 80.0
2024/4/16 22:30:0 , 23.80 , 80.0
2024/4/16 23:0:0 , 23.70 , 80.0
2024/4/16 23:30:0 , 23.20 , 81.0
2024/4/17 0:0:0 , 22.80 , 82.0
2024/4/17 0:30:0 , 22.60 , 83.0
2024/4/17 1:0:0 , 22.50 , 83.0
2024/4/17 1:30:0 , 22.60 , 82.0
2024/4/17 2:0:0 , 22.40 , 81.0
2024/4/17 2:30:0 , 22.20 , 80.0
2024/4/17 3:0:0 , 22.20 , 81.0
2024/4/17 3:30:0 , 22.20 , 80.0
2024/4/17 4:0:0 , 21.90 , 81.0
2024/4/17 4:30:0 , 21.50 , 83.0
2024/4/17 5:0:0 , 21.30 , 84.0
2024/4/17 5:30:0 , 21.20 , 84.0
2024/4/17 6:0:0 , 20.90 , 86.0
2024/4/17 6:30:0 , 20.80 , 87.0
2024/4/17 7:0:0 , 20.60 , 88.0
2024/4/17 7:30:0 , 20.10 , 86.0
2024/4/17 8:0:0 , 19.90 , 86.0
2024/4/17 8:30:0 , 19.80 , 86.0
2024/4/17 9:0:0 , 19.50 , 85.0
2024/4/17 9:30:0 , 19.70 , 85.0
2024/4/17 10:0:0 , 19.90 , 85.0
2024/4/17 10:30:0 , 20.30 , 83.0
2024/4/17 11:0:0 , 20.80 , 80.0
2024/4/17 11:30:0 , 21.90 , 76.0
2024/4/17 12:0:0 , 22.30 , 74.0
2024/4/17 12:30:0 , 22.30 , 69.0
2024/4/17 13:0:0 , 22.60 , 66.0
2024/4/17 13:30:0 , 22.30 , 64.0
2024/4/17 14:0:0 , 23.50 , 63.0
2024/4/17 14:30:0 , 24.10 , 60.0
2024/4/17 15:0:0 , 24.20 , 60.0
2024/4/17 15:30:0 , 24.30 , 59.0
2024/4/17 16:0:0 , 24.10 , 58.0
2024/4/17 16:30:0 , 24.0 , 56.0
2024/4/17 17:0:0 , 23.80 , 54.0
2024/4/17 17:30:0 , 23.60 , 53.0
2024/4/17 18:0:0 , 23.60 , 51.0
2024/4/17 18:30:0 , 23.30 , 49.0
2024/4/17 19:0:0 , 23.10 , 50.0
2024/4/17 19:30:0 , 23.0 , 52.0
2024/4/17 20:0:0 , 22.80 , 51.0
2024/4/17 20:30:0 , 22.80 , 53.0
2024/4/17 21:0:0 , 22.80 , 54.0
2024/4/17 21:30:0 , 22.50 , 56.0
2024/4/17 22:0:0 , 22.30 , 58.0
2024/4/17 22:30:0 , 22.10 , 59.0
2024/4/17 23:0:0 , 21.90 , 59.0
2024/4/17 23:30:0 , 21.60 , 61.0
2024/4/18 0:0:0 , 21.20 , 62.0
2024/4/18 0:30:0 , 20.90 , 63.0
2024/4/18 1:0:0 , 20.70 , 64.0
2024/4/18 1:30:0 , 20.60 , 67.0
2024/4/18 2:0:0 , 20.30 , 68.0
2024/4/18 2:30:0 , 20.10 , 70.0
2024/4/18 3:0:0 , 19.90 , 70.0
2024/4/18 3:30:0 , 19.70 , 72.0
2024/4/18 4:0:0 , 19.50 , 73.0
2024/4/18 4:30:0 , 19.40 , 75.0
2024/4/18 5:0:0 , 19.30 , 76.0
2024/4/18 5:30:0 , 19.20 , 77.0
2024/4/18 6:0:0 , 19.10 , 78.0
2024/4/18 6:30:0 , 19.10 , 79.0
2024/4/18 7:0:0 , 19.60 , 79.0
2024/4/18 7:30:0 , 20.40 , 79.0
2024/4/18 8:0:0 , 21.10 , 77.0
2024/4/18 8:30:0 , 21.50 , 75.0
2024/4/18 9:0:0 , 21.80 , 75.0
2024/4/18 9:30:0 , 22.10 , 75.0
2024/4/18 10:0:0 , 22.60 , 73.0
2024/4/18 10:30:0 , 22.80 , 71.0
2024/4/18 11:0:0 , 23.0 , 69.0
2024/4/18 11:30:0 , 23.10 , 69.0
2024/4/18 12:0:0 , 23.50 , 68.0
2024/4/18 12:30:0 , 23.50 , 69.0
2024/4/18 13:0:0 , 23.80 , 66.0
2024/4/18 13:30:0 , 23.70 , 67.0
2024/4/18 14:0:0 , 23.70 , 68.0
2024/4/18 14:30:0 , 23.90 , 67.0
2024/4/18 15:0:0 , 24.10 , 68.0
2024/4/18 15:30:0 , 24.20 , 67.0
2024/4/18 16:0:0 , 24.20 , 67.0
2024/4/18 16:30:0 , 24.0 , 68.0
2024/4/18 17:0:0 , 24.0 , 69.0
2024/4/18 17:30:0 , 24.0 , 69.0
2024/4/18 18:0:0 , 23.90 , 69.0
2024/4/18 18:30:0 , 23.90 , 69.0
2024/4/18 19:0:0 , 23.80 , 68.0
2024/4/18 19:30:0 , 23.70 , 67.0
2024/4/18 20:0:0 , 23.60 , 67.0
2024/4/18 20:30:0 , 23.60 , 66.0
2024/4/18 21:0:0 , 23.60 , 67.0
2024/4/18 21:30:0 , 23.60 , 70.0
2024/4/18 22:0:0 , 23.60 , 71.0
2024/4/18 22:30:0 , 23.60 , 72.0
2024/4/18 23:0:0 , 23.60 , 73.0
2024/4/18 23:30:0 , 23.60 , 73.0
2024/4/19 0:0:0 , 23.60 , 73.0
2024/4/19 0:30:0 , 23.60 , 73.0
2024/4/19 1:0:0 , 23.50 , 72.0
2024/4/19 1:30:0 , 23.30 , 72.0
2024/4/19 2:0:0 , 23.20 , 73.0
2024/4/19 2:30:0 , 23.10 , 73.0
2024/4/19 3:0:0 , 23.0 , 73.0
2024/4/19 3:30:0 , 22.90 , 74.0
2024/4/19 4:0:0 , 22.80 , 75.0
2024/4/19 4:30:0 , 22.70 , 76.0
2024/4/19 5:0:0 , 22.60 , 76.0
2024/4/19 5:30:0 , 22.50 , 76.0
2024/4/19 6:0:0 , 22.40 , 77.0
2024/4/19 6:30:0 , 22.40 , 78.0
2024/4/19 7:0:0 , 22.40 , 78.0
2024/4/19 7:30:0 , 22.50 , 78.0
2024/4/19 8:0:0 , 22.70 , 79.0
2024/4/19 8:30:0 , 22.80 , 77.0
2024/4/19 9:0:0 , 22.80 , 77.0
2024/4/19 9:30:0 , 22.80 , 76.0
2024/4/19 10:0:0 , 22.90 , 76.0
2024/4/19 10:30:0 , 23.0 , 76.0
2024/4/19 11:0:0 , 22.90 , 77.0
2024/4/19 11:30:0 , 22.80 , 78.0
2024/4/19 12:0:0 , 22.90 , 80.0
2024/4/19 12:30:0 , 23.0 , 81.0
2024/4/19 13:0:0 , 23.20 , 82.0
2024/4/19 13:30:0 , 23.10 , 82.0
2024/4/19 14:0:0 , 23.10 , 83.0
2024/4/19 14:30:0 , 23.10 , 83.0
2024/4/19 15:0:0 , 23.10 , 83.0
2024/4/19 15:30:0 , 23.10 , 83.0
2024/4/19 16:0:0 , 23.0 , 83.0
2024/4/19 16:30:0 , 22.90 , 83.0
2024/4/19 17:0:0 , 22.80 , 84.0
2024/4/19 17:30:0 , 22.80 , 83.0
2024/4/19 18:0:0 , 22.70 , 83.0
2024/4/19 18:30:0 , 22.60 , 83.0
2024/4/19 19:0:0 , 22.50 , 82.0
2024/4/19 19:30:0 , 22.50 , 82.0
2024/4/19 20:0:0 , 22.70 , 83.0
2024/4/19 20:30:0 , 22.60 , 81.0
2024/4/19 21:0:0 , 22.50 , 79.0
2024/4/19 21:30:0 , 22.30 , 77.0
2024/4/19 22:0:0 , 22.0 , 77.0
2024/4/19 22:30:0 , 21.80 , 78.0
2024/4/19 23:0:0 , 21.70 , 78.0
2024/4/19 23:30:0 , 21.50 , 77.0
2024/4/20 0:0:0 , 21.50 , 76.0
2024/4/20 0:30:0 , 21.30 , 76.0
2024/4/20 1:0:0 , 21.30 , 77.0
2024/4/20 1:30:0 , 21.30 , 77.0
2024/4/20 2:0:0 , 21.30 , 77.0
2024/4/20 2:30:0 , 21.30 , 78.0
2024/4/20 3:0:0 , 21.20 , 77.0
2024/4/20 3:30:0 , 21.10 , 76.0
2024/4/20 4:0:0 , 21.10 , 75.0
2024/4/20 4:30:0 , 20.90 , 74.0
2024/4/20 5:0:0 , 20.90 , 75.0
2024/4/20 5:30:0 , 20.80 , 75.0
2024/4/20 6:0:0 , 20.80 , 74.0
2024/4/20 6:30:0 , 20.80 , 74.0
2024/4/20 7:0:0 , 20.90 , 74.0
2024/4/20 7:30:0 , 21.30 , 73.0
2024/4/20 8:0:0 , 21.60 , 72.0
2024/4/20 8:30:0 , 21.90 , 72.0
2024/4/20 9:0:0 , 22.10 , 71.0
2024/4/20 9:30:0 , 22.20 , 71.0
2024/4/20 10:0:0 , 22.40 , 70.0
2024/4/20 10:30:0 , 22.50 , 69.0
2024/4/20 11:0:0 , 22.50 , 68.0
2024/4/20 11:30:0 , 22.60 , 66.0
2024/4/20 12:0:0 , 22.60 , 64.0
2024/4/20 12:30:0 , 22.80 , 63.0
2024/4/20 13:0:0 , 22.90 , 62.0
2024/4/20 13:30:0 , 23.0 , 62.0
2024/4/20 14:0:0 , 23.20 , 63.0
2024/4/20 14:30:0 , 23.20 , 63.0
2024/4/20 15:0:0 , 23.40 , 62.0
2024/4/20 15:30:0 , 23.50 , 61.0
2024/4/20 16:0:0 , 23.60 , 61.0
2024/4/20 16:30:0 , 23.60 , 61.0
2024/4/20 17:0:0 , 23.60 , 62.0
2024/4/20 17:30:0 , 23.60 , 62.0
2024/4/20 18:0:0 , 23.60 , 62.0
2024/4/20 18:30:0 , 23.70 , 61.0
2024/4/20 19:0:0 , 23.70 , 61.0
2024/4/20 19:30:0 , 23.70 , 62.0
2024/4/20 20:0:0 , 23.70 , 63.0
2024/4/20 20:30:0 , 23.70 , 62.0
2024/4/20 21:0:0 , 23.60 , 61.0
2024/4/20 21:30:0 , 23.50 , 62.0
2024/4/20 22:0:0 , 23.30 , 62.0
2024/4/20 22:30:0 , 23.10 , 62.0
2024/4/20 23:0:0 , 23.0 , 63.0
2024/4/20 23:30:0 , 22.90 , 64.0
2024/4/21 0:0:0 , 22.80 , 65.0
2024/4/21 0:30:0 , 22.70 , 64.0
2024/4/21 1:0:0 , 22.60 , 65.0
2024/4/21 1:30:0 , 22.60 , 65.0
2024/4/21 2:0:0 , 22.50 , 66.0
2024/4/21 2:30:0 , 22.40 , 66.0
2024/4/21 3:0:0 , 22.40 , 67.0
2024/4/21 3:30:0 , 22.30 , 67.0
2024/4/21 4:0:0 , 22.20 , 68.0
2024/4/21 4:30:0 , 22.10 , 68.0
2024/4/21 5:0:0 , 22.10 , 68.0
2024/4/21 5:30:0 , 22.0 , 68.0
2024/4/21 6:0:0 , 22.0 , 69.0
2024/4/21 6:30:0 , 22.0 , 70.0
2024/4/21 7:0:0 , 22.0 , 71.0
2024/4/21 7:30:0 , 22.0 , 71.0
2024/4/21 8:0:0 , 22.10 , 72.0
2024/4/21 8:30:0 , 22.50 , 72.0
2024/4/21 9:0:0 , 22.70 , 71.0
2024/4/21 9:30:0 , 22.70 , 71.0
2024/4/21 10:0:0 , 22.70 , 71.0
2024/4/21 10:30:0 , 22.90 , 70.0
2024/4/21 11:0:0 , 23.0 , 70.0
2024/4/21 11:30:0 , 23.0 , 70.0
2024/4/21 12:0:0 , 23.10 , 69.0
2024/4/21 12:30:0 , 23.30 , 70.0
2024/4/21 13:0:0 , 23.40 , 70.0
2024/4/21 13:30:0 , 23.50 , 70.0
2024/4/21 14:0:0 , 23.60 , 69.0
2024/4/21 14:30:0 , 23.70 , 68.0
2024/4/21 15:0:0 , 23.80 , 67.0
2024/4/21 15:30:0 , 23.90 , 67.0
2024/4/21 16:0:0 , 23.90 , 67.0
2024/4/21 16:30:0 , 23.90 , 67.0
2024/4/21 17:0:0 , 23.90 , 68.0
2024/4/21 17:30:0 , 24.0 , 68.0
2024/4/21 18:0:0 , 23.90 , 66.0
2024/4/21 18:30:0 , 23.80 , 67.0
2024/4/21 19:0:0 , 23.80 , 68.0
2024/4/21 19:30:0 , 23.80 , 68.0
2024/4/21 20:0:0 , 23.60 , 69.0
2024/4/21 20:30:0 , 23.50 , 69.0
2024/4/21 21:0:0 , 23.40 , 70.0
2024/4/21 21:30:0 , 23.30 , 70.0
2024/4/21 22:0:0 , 23.30 , 71.0
2024/4/21 22:30:0 , 23.10 , 72.0
2024/4/21 23:0:0 , 23.10 , 74.0
2024/4/21 23:30:0 , 23.0 , 74.0
2024/4/22 0:0:0 , 22.10 , 75.0
2024/4/22 0:30:0 , 21.60 , 74.0
2024/4/22 1:0:0 , 21.30 , 74.0
2024/4/22 1:30:0 , 21.0 , 72.0
2024/4/22 2:0:0 , 20.70 , 72.0
2024/4/22 2:30:0 , 20.40 , 75.0
2024/4/22 3:0:0 , 20.10 , 76.0
2024/4/22 3:30:0 , 20.0 , 76.0
2024/4/22 4:0:0 , 19.90 , 76.0
2024/4/22 4:30:0 , 19.70 , 77.0
2024/4/22 5:0:0 , 19.60 , 78.0
2024/4/22 5:30:0 , 19.50 , 78.0
2024/4/22 6:0:0 , 19.40 , 79.0
2024/4/22 6:30:0 , 19.50 , 79.0
2024/4/22 7:0:0 , 19.80 , 78.0
2024/4/22 7:30:0 , 20.60 , 77.0
2024/4/22 8:0:0 , 21.20 , 73.0
2024/4/22 8:30:0 , 21.50 , 70.0
2024/4/22 9:0:0 , 21.70 , 69.0
2024/4/22 9:30:0 , 22.0 , 70.0
2024/4/22 10:0:0 , 22.40 , 70.0
2024/4/22 10:30:0 , 23.10 , 70.0
2024/4/22 11:0:0 , 23.40 , 69.0
2024/4/22 11:30:0 , 23.80 , 69.0
2024/4/22 12:0:0 , 23.70 , 65.0
2024/4/22 12:30:0 , 23.80 , 64.0
2024/4/22 13:0:0 , 23.70 , 63.0
2024/4/22 13:30:0 , 23.70 , 62.0
2024/4/22 14:0:0 , 23.80 , 62.0
2024/4/22 14:30:0 , 23.90 , 61.0
2024/4/22 15:0:0 , 24.20 , 60.0
2024/4/22 15:30:0 , 24.30 , 60.0
2024/4/22 16:0:0 , 24.40 , 60.0
2024/4/22 16:30:0 , 24.30 , 61.0
2024/4/22 17:0:0 , 24.20 , 60.0
2024/4/22 17:30:0 , 24.10 , 61.0
2024/4/22 18:0:0 , 24.10 , 62.0
2024/4/22 18:30:0 , 24.20 , 63.0
2024/4/22 19:0:0 , 24.10 , 63.0
2024/4/22 19:30:0 , 24.20 , 63.0
2024/4/22 20:0:0 , 23.90 , 62.0
2024/4/22 20:30:0 , 23.80 , 64.0
2024/4/22 21:0:0 , 23.80 , 67.0
2024/4/22 21:30:0 , 23.80 , 67.0
2024/4/22 22:0:0 , 23.80 , 68.0
2024/4/22 22:30:0 , 23.80 , 69.0
2024/4/22 23:0:0 , 23.70 , 67.0
2024/4/22 23:30:0 , 23.60 , 65.0
2024/4/23 0:0:0 , 23.60 , 66.0
2024/4/23 0:30:0 , 23.50 , 67.0
2024/4/23 1:0:0 , 23.30 , 66.0
2024/4/23 1:30:0 , 23.10 , 65.0
2024/4/23 2:0:0 , 22.90 , 64.0
2024/4/23 2:30:0 , 22.80 , 67.0
2024/4/23 3:0:0 , 22.60 , 68.0
2024/4/23 3:30:0 , 22.50 , 68.0
2024/4/23 4:0:0 , 22.40 , 67.0
2024/4/23 4:30:0 , 22.30 , 67.0
2024/4/23 5:0:0 , 22.20 , 66.0
2024/4/23 5:30:0 , 22.20 , 67.0
2024/4/23 6:0:0 , 22.10 , 65.0
2024/4/23 6:30:0 , 22.20 , 66.0
2024/4/23 7:0:0 , 22.40 , 66.0
2024/4/23 7:30:0 , 22.50 , 65.0
2024/4/23 8:0:0 , 22.70 , 65.0
2024/4/23 8:30:0 , 22.80 , 65.0
2024/4/23 9:0:0 , 22.90 , 64.0
2024/4/23 9:30:0 , 23.0 , 64.0
2024/4/23 10:0:0 , 23.30 , 64.0
2024/4/23 10:30:0 , 23.40 , 64.0
2024/4/23 11:0:0 , 23.50 , 64.0
2024/4/23 11:30:0 , 23.80 , 64.0
2024/4/23 12:0:0 , 23.90 , 62.0
2024/4/23 12:30:0 , 24.0 , 63.0
2024/4/23 13:0:0 , 24.20 , 63.0
2024/4/23 13:30:0 , 24.40 , 63.0
2024/4/23 14:0:0 , 24.50 , 62.0
2024/4/23 14:30:0 , 24.60 , 61.0
2024/4/23 15:0:0 , 24.80 , 61.0
2024/4/23 15:30:0 , 24.90 , 62.0
2024/4/23 16:0:0 , 24.90 , 61.0
2024/4/23 16:30:0 , 25.0 , 62.0
2024/4/23 17:0:0 , 25.0 , 62.0
2024/4/23 17:30:0 , 25.10 , 62.0
2024/4/23 18:0:0 , 25.10 , 62.0
2024/4/23 18:30:0 , 25.0 , 62.0
2024/4/23 19:0:0 , 24.90 , 63.0
2024/4/23 19:30:0 , 24.80 , 63.0
2024/4/23 20:0:0 , 24.50 , 50.0
2024/4/23 20:30:0 , 24.50 , 35.0
2024/4/23 21:0:0 , 24.50 , 34.0
2024/4/23 21:30:0 , 24.40 , 35.0
2024/4/23 22:0:0 , 24.30 , 34.0
2024/4/23 22:30:0 , 24.30 , 38.0
2024/4/23 23:0:0 , 24.40 , 39.0
2024/4/23 23:30:0 , 24.30 , 41.0
2024/4/24 0:0:0 , 24.30 , 42.0
2024/4/24 0:30:0 , 24.0 , 37.0
2024/4/24 1:0:0 , 23.70 , 37.0
2024/4/24 1:30:0 , 23.50 , 37.0
2024/4/24 2:0:0 , 23.40 , 38.0
2024/4/24 2:30:0 , 23.20 , 40.0
2024/4/24 3:0:0 , 23.10 , 40.0
2024/4/24 3:30:0 , 23.0 , 41.0
2024/4/24 4:0:0 , 22.90 , 43.0
2024/4/24 4:30:0 , 22.80 , 45.0
2024/4/24 5:0:0 , 22.60 , 46.0
2024/4/24 5:30:0 , 22.50 , 49.0
2024/4/24 6:0:0 , 22.40 , 49.0
2024/4/24 6:30:0 , 22.50 , 48.0
2024/4/24 7:0:0 , 22.60 , 50.0
2024/4/24 7:30:0 , 22.70 , 50.0
2024/4/24 8:0:0 , 22.80 , 50.0
2024/4/24 8:30:0 , 23.0 , 51.0
2024/4/24 9:0:0 , 23.10 , 52.0
2024/4/24 9:30:0 , 23.40 , 52.0
2024/4/24 10:0:0 , 23.60 , 53.0
2024/4/24 10:30:0 , 23.90 , 54.0
2024/4/24 11:0:0 , 24.10 , 55.0
2024/4/24 11:30:0 , 24.20 , 55.0
2024/4/24 12:0:0 , 24.50 , 55.0
2024/4/24 12:30:0 , 24.80 , 56.0
2024/4/24 13:0:0 , 25.0 , 56.0
2024/4/24 13:30:0 , 25.0 , 54.0
2024/4/24 14:0:0 , 25.20 , 54.0
2024/4/24 14:30:0 , 25.20 , 53.0
2024/4/24 15:0:0 , 25.40 , 54.0
2024/4/24 15:30:0 , 25.70 , 55.0
2024/4/24 16:0:0 , 25.90 , 56.0
2024/4/24 16:30:0 , 25.90 , 57.0
2024/4/24 17:0:0 , 25.70 , 54.0
2024/4/24 17:30:0 , 25.40 , 54.0
2024/4/24 18:0:0 , 25.20 , 54.0
2024/4/24 18:30:0 , 25.10 , 54.0
2024/4/24 19:0:0 , 25.0 , 55.0
2024/4/24 19:30:0 , 24.80 , 54.0
2024/4/24 20:0:0 , 24.70 , 54.0
2024/4/24 20:30:0 , 24.50 , 55.0
2024/4/24 21:0:0 , 24.30 , 54.0
2024/4/24 21:30:0 , 24.30 , 55.0
2024/4/24 22:0:0 , 24.30 , 55.0
2024/4/24 22:30:0 , 24.30 , 56.0
2024/4/24 23:0:0 , 24.20 , 57.0
2024/4/24 23:30:0 , 24.20 , 57.0
2024/4/25 0:0:0 , 24.10 , 58.0
2024/4/25 0:30:0 , 24.0 , 58.0
2024/4/25 1:0:0 , 23.80 , 60.0
2024/4/25 1:30:0 , 23.70 , 61.0
2024/4/25 2:0:0 , 23.50 , 62.0
2024/4/25 2:30:0 , 23.40 , 63.0
2024/4/25 3:0:0 , 23.30 , 63.0
2024/4/25 3:30:0 , 23.20 , 65.0
2024/4/25 4:0:0 , 23.20 , 66.0
2024/4/25 4:30:0 , 23.10 , 66.0
2024/4/25 5:0:0 , 23.0 , 67.0
2024/4/25 5:30:0 , 23.0 , 67.0
2024/4/25 6:0:0 , 22.90 , 68.0
2024/4/25 6:30:0 , 23.0 , 68.0
2024/4/25 7:0:0 , 23.10 , 70.0
2024/4/25 7:30:0 , 23.30 , 69.0
2024/4/25 8:0:0 , 23.40 , 69.0
2024/4/25 8:30:0 , 23.50 , 68.0
2024/4/25 9:0:0 , 23.60 , 68.0
2024/4/25 9:30:0 , 23.90 , 68.0
2024/4/25 10:0:0 , 24.20 , 68.0
2024/4/25 10:30:0 , 24.40 , 67.0
2024/4/25 11:0:0 , 24.60 , 66.0
2024/4/25 11:30:0 , 24.70 , 65.0
2024/4/25 12:0:0 , 24.80 , 64.0
2024/4/25 12:30:0 , 24.90 , 65.0
2024/4/25 13:0:0 , 25.0 , 64.0
2024/4/25 13:30:0 , 25.10 , 64.0
2024/4/25 14:0:0 , 25.10 , 63.0
2024/4/25 14:30:0 , 25.10 , 63.0
2024/4/25 15:0:0 , 25.10 , 63.0
2024/4/25 15:30:0 , 25.30 , 64.0
2024/4/25 16:0:0 , 25.60 , 64.0
2024/4/25 16:30:0 , 25.70 , 63.0
2024/4/25 17:0:0 , 25.60 , 62.0
2024/4/25 17:30:0 , 25.60 , 62.0
2024/4/25 18:0:0 , 25.40 , 63.0
2024/4/25 18:30:0 , 25.30 , 64.0
2024/4/25 19:0:0 , 25.30 , 64.0
2024/4/25 19:30:0 , 25.30 , 64.0
2024/4/25 20:0:0 , 25.20 , 65.0
2024/4/25 20:30:0 , 25.10 , 65.0
2024/4/25 21:0:0 , 24.90 , 66.0
2024/4/25 21:30:0 , 24.80 , 66.0
2024/4/25 22:0:0 , 24.80 , 67.0
2024/4/25 22:30:0 , 24.90 , 69.0
2024/4/25 23:0:0 , 24.80 , 69.0
2024/4/25 23:30:0 , 24.80 , 70.0
2024/4/26 0:0:0 , 24.70 , 71.0
2024/4/26 0:30:0 , 24.70 , 71.0
2024/4/26 1:0:0 , 24.60 , 72.0
2024/4/26 1:30:0 , 24.60 , 72.0
2024/4/26 2:0:0 , 24.30 , 71.0
2024/4/26 2:30:0 , 24.0 , 71.0
2024/4/26 3:0:0 , 23.90 , 71.0
2024/4/26 3:30:0 , 23.70 , 72.0
2024/4/26 4:0:0 , 23.60 , 72.0
2024/4/26 4:30:0 , 23.40 , 73.0
2024/4/26 5:0:0 , 23.30 , 73.0
2024/4/26 5:30:0 , 23.20 , 74.0
2024/4/26 6:0:0 , 23.20 , 74.0
2024/4/26 6:30:0 , 23.20 , 75.0
2024/4/26 7:0:0 , 23.40 , 75.0
2024/4/26 7:30:0 , 23.60 , 74.0
2024/4/26 8:0:0 , 23.90 , 74.0
2024/4/26 8:30:0 , 24.10 , 73.0
2024/4/26 9:0:0 , 24.20 , 73.0
2024/4/26 9:30:0 , 24.40 , 72.0
2024/4/26 10:0:0 , 24.50 , 72.0
2024/4/26 10:30:0 , 24.90 , 71.0
2024/4/26 11:0:0 , 25.10 , 70.0
2024/4/26 11:30:0 , 25.20 , 69.0
2024/4/26 12:0:0 , 25.30 , 68.0
2024/4/26 12:30:0 , 25.30 , 68.0
2024/4/26 13:0:0 , 25.40 , 67.0
2024/4/26 13:30:0 , 25.80 , 68.0
2024/4/26 14:0:0 , 26.0 , 68.0
2024/4/26 14:30:0 , 26.30 , 67.0
2024/4/26 15:0:0 , 26.30 , 67.0
2024/4/26 15:30:0 , 26.50 , 67.0
2024/4/26 16:0:0 , 26.50 , 67.0
2024/4/26 16:30:0 , 26.70 , 67.0
2024/4/26 17:0:0 , 26.70 , 67.0
2024/4/26 17:30:0 , 26.30 , 65.0
2024/4/26 18:0:0 , 26.10 , 65.0
2024/4/26 18:30:0 , 26.10 , 64.0
2024/4/26 19:0:0 , 26.20 , 65.0
2024/4/26 19:30:0 , 26.20 , 65.0
2024/4/26 20:0:0 , 25.90 , 65.0
2024/4/26 20:30:0 , 25.80 , 66.0
2024/4/26 21:0:0 , 25.70 , 66.0
2024/4/26 21:30:0 , 25.70 , 68.0
2024/4/26 22:0:0 , 25.70 , 69.0
2024/4/26 22:30:0 , 25.70 , 68.0
2024/4/26 23:0:0 , 25.60 , 69.0
2024/4/26 23:30:0 , 25.50 , 69.0
2024/4/27 0:0:0 , 25.40 , 70.0
2024/4/27 0:30:0 , 25.30 , 70.0
2024/4/27 1:0:0 , 25.0 , 71.0
2024/4/27 1:30:0 , 24.80 , 72.0
2024/4/27 2:0:0 , 24.60 , 73.0
2024/4/27 2:30:0 , 24.50 , 74.0
2024/4/27 3:0:0 , 24.30 , 75.0
2024/4/27 3:30:0 , 24.20 , 75.0
2024/4/27 4:0:0 , 24.20 , 75.0
2024/4/27 4:30:0 , 24.10 , 76.0
2024/4/27 5:0:0 , 24.0 , 76.0
2024/4/27 5:30:0 , 23.90 , 76.0
2024/4/27 6:0:0 , 24.0 , 77.0
2024/4/27 6:30:0 , 24.0 , 78.0
2024/4/27 7:0:0 , 24.20 , 78.0
2024/4/27 7:30:0 , 24.40 , 77.0
2024/4/27 8:0:0 , 24.80 , 76.0
2024/4/27 8:30:0 , 25.10 , 74.0
2024/4/27 9:0:0 , 25.40 , 74.0
2024/4/27 9:30:0 , 25.70 , 74.0
2024/4/27 10:0:0 , 25.90 , 73.0
2024/4/27 10:30:0 , 26.0 , 72.0
2024/4/27 11:0:0 , 26.10 , 72.0
2024/4/27 11:30:0 , 26.20 , 71.0
2024/4/27 12:0:0 , 26.40 , 70.0
2024/4/27 12:30:0 , 26.50 , 69.0
2024/4/27 13:0:0 , 26.40 , 68.0
2024/4/27 13:30:0 , 26.50 , 67.0
2024/4/27 14:0:0 , 26.70 , 67.0
2024/4/27 14:30:0 , 26.70 , 67.0
2024/4/27 15:0:0 , 26.70 , 66.0
2024/4/27 15:30:0 , 26.80 , 65.0
2024/4/27 16:0:0 , 27.0 , 65.0
2024/4/27 16:30:0 , 27.0 , 65.0
2024/4/27 17:0:0 , 27.0 , 65.0
2024/4/27 17:30:0 , 26.90 , 65.0
2024/4/27 18:0:0 , 27.0 , 65.0
2024/4/27 18:30:0 , 26.90 , 64.0
2024/4/27 19:0:0 , 26.80 , 65.0
2024/4/27 19:30:0 , 26.70 , 65.0
2024/4/27 20:0:0 , 26.70 , 66.0
2024/4/27 20:30:0 , 26.60 , 67.0
2024/4/27 21:0:0 , 26.40 , 68.0
2024/4/27 21:30:0 , 26.40 , 70.0
2024/4/27 22:0:0 , 26.40 , 71.0
2024/4/27 22:30:0 , 26.40 , 72.0
2024/4/27 23:0:0 , 26.30 , 74.0
2024/4/27 23:30:0 , 26.20 , 75.0
2024/4/28 0:0:0 , 26.20 , 75.0
2024/4/28 0:30:0 , 26.0 , 76.0
2024/4/28 1:0:0 , 25.80 , 78.0
2024/4/28 1:30:0 , 25.70 , 79.0
2024/4/28 2:0:0 , 25.60 , 80.0
2024/4/28 2:30:0 , 25.50 , 81.0
2024/4/28 3:0:0 , 25.40 , 82.0
2024/4/28 3:30:0 , 25.40 , 82.0
2024/4/28 4:0:0 , 25.30 , 83.0
2024/4/28 4:30:0 , 25.30 , 84.0
2024/4/28 5:0:0 , 25.0 , 87.0
2024/4/28 5:30:0 , 24.80 , 87.0
2024/4/28 6:0:0 , 24.60 , 86.0
2024/4/28 6:30:0 , 24.70 , 86.0
2024/4/28 7:0:0 , 24.70 , 86.0
2024/4/28 7:30:0 , 24.70 , 86.0
2024/4/28 8:0:0 , 24.90 , 85.0
2024/4/28 8:30:0 , 25.10 , 84.0
2024/4/28 9:0:0 , 25.20 , 83.0
2024/4/28 9:30:0 , 25.20 , 83.0
2024/4/28 10:0:0 , 25.30 , 82.0
2024/4/28 10:30:0 , 25.50 , 81.0
2024/4/28 11:0:0 , 25.80 , 80.0
2024/4/28 11:30:0 , 26.0 , 80.0
2024/4/28 12:0:0 , 25.10 , 75.0
2024/4/28 12:30:0 , 24.40 , 81.0
2024/4/28 13:0:0 , 24.70 , 78.0
2024/4/28 13:30:0 , 24.80 , 77.0
2024/4/28 14:0:0 , 24.80 , 81.0
2024/4/28 14:30:0 , 25.0 , 82.0
2024/4/28 15:0:0 , 24.60 , 81.0
2024/4/28 15:30:0 , 24.50 , 81.0
2024/4/28 16:0:0 , 23.90 , 79.0
2024/4/28 16:30:0 , 23.70 , 80.0
2024/4/28 17:0:0 , 23.30 , 79.0
2024/4/28 17:30:0 , 24.0 , 78.0
2024/4/28 18:0:0 , 23.30 , 78.0
2024/4/28 18:30:0 , 23.20 , 78.0
2024/4/28 19:0:0 , 23.20 , 78.0
2024/4/28 19:30:0 , 23.10 , 77.0
2024/4/28 20:0:0 , 22.90 , 77.0
2024/4/28 20:30:0 , 22.80 , 77.0
2024/4/28 21:0:0 , 23.20 , 77.0
2024/4/28 21:30:0 , 23.20 , 76.0
2024/4/28 22:0:0 , 22.90 , 74.0
2024/4/28 22:30:0 , 22.90 , 74.0
2024/4/28 23:0:0 , 22.70 , 73.0
2024/4/28 23:30:0 , 22.60 , 73.0
2024/4/29 0:0:0 , 22.60 , 73.0
2024/4/29 0:30:0 , 22.60 , 72.0
2024/4/29 1:0:0 , 22.50 , 72.0
2024/4/29 1:30:0 , 22.40 , 73.0
2024/4/29 2:0:0 , 22.50 , 73.0
2024/4/29 2:30:0 , 22.20 , 73.0
2024/4/29 3:0:0 , 22.0 , 73.0
2024/4/29 3:30:0 , 21.70 , 74.0
2024/4/29 4:0:0 , 21.50 , 74.0
2024/4/29 4:30:0 , 21.40 , 75.0
2024/4/29 5:0:0 , 21.30 , 75.0
2024/4/29 5:30:0 , 21.30 , 75.0
2024/4/29 6:0:0 , 21.40 , 75.0
2024/4/29 6:30:0 , 21.40 , 75.0
2024/4/29 7:0:0 , 21.60 , 74.0
2024/4/29 7:30:0 , 21.80 , 73.0
2024/4/29 8:0:0 , 21.90 , 74.0
2024/4/29 8:30:0 , 22.20 , 73.0
2024/4/29 9:0:0 , 23.10 , 72.0
2024/4/29 9:30:0 , 23.30 , 71.0
2024/4/29 10:0:0 , 23.60 , 71.0
2024/4/29 10:30:0 , 24.10 , 70.0
2024/4/29 11:0:0 , 24.10 , 70.0
2024/4/29 11:30:0 , 24.20 , 71.0
2024/4/29 12:0:0 , 24.30 , 71.0
2024/4/29 12:30:0 , 24.40 , 70.0
2024/4/29 13:0:0 , 24.40 , 70.0
2024/4/29 13:30:0 , 24.50 , 71.0
2024/4/29 14:0:0 , 24.50 , 70.0
2024/4/29 14:30:0 , 24.80 , 70.0
2024/4/29 15:0:0 , 24.70 , 70.0
2024/4/29 15:30:0 , 24.60 , 70.0
2024/4/29 16:0:0 , 24.70 , 70.0
2024/4/29 16:30:0 , 24.70 , 71.0
2024/4/29 17:0:0 , 24.80 , 71.0
2024/4/29 17:30:0 , 24.80 , 71.0
2024/4/29 18:0:0 , 24.70 , 71.0
2024/4/29 18:30:0 , 24.60 , 71.0
2024/4/29 19:0:0 , 24.50 , 70.0
2024/4/29 19:30:0 , 23.80 , 72.0
2024/4/29 20:0:0 , 23.40 , 73.0
2024/4/29 20:30:0 , 23.30 , 73.0
2024/4/29 21:0:0 , 23.10 , 73.0
2024/4/29 21:30:0 , 22.80 , 73.0
2024/4/29 22:0:0 , 22.70 , 73.0
2024/4/29 22:30:0 , 22.60 , 72.0
2024/4/29 23:0:0 , 22.70 , 73.0
2024/4/29 23:30:0 , 22.50 , 71.0
2024/4/30 0:0:0 , 22.50 , 71.0
2024/4/30 0:30:0 , 22.20 , 73.0
2024/4/30 1:0:0 , 21.60 , 77.0
2024/4/30 1:30:0 , 21.10 , 80.0
2024/4/30 2:0:0 , 20.80 , 81.0
2024/4/30 2:30:0 , 20.80 , 82.0
2024/4/30 3:0:0 , 20.70 , 83.0
2024/4/30 3:30:0 , 20.60 , 84.0
2024/4/30 4:0:0 , 20.40 , 85.0
2024/4/30 4:30:0 , 20.20 , 86.0
2024/4/30 5:0:0 , 20.0 , 85.0
2024/4/30 5:30:0 , 19.70 , 85.0
2024/4/30 6:0:0 , 19.20 , 85.0
2024/4/30 6:30:0 , 18.80 , 86.0
2024/4/30 7:0:0 , 18.60 , 86.0
2024/4/30 7:30:0 , 18.60 , 85.0
2024/4/30 8:0:0 , 18.40 , 85.0
2024/4/30 8:30:0 , 18.0 , 86.0
2024/4/30 9:0:0 , 17.90 , 85.0
2024/4/30 9:30:0 , 17.70 , 83.0
2024/4/30 10:0:0 , 17.50 , 82.0
2024/4/30 10:30:0 , 17.40 , 81.0
2024/4/30 11:0:0 , 17.20 , 82.0
2024/4/30 11:30:0 , 17.10 , 81.0
2024/4/30 12:0:0 , 17.50 , 81.0
2024/4/30 12:30:0 , 17.60 , 80.0
2024/4/30 13:0:0 , 17.50 , 80.0
2024/4/30 13:30:0 , 18.10 , 80.0
2024/4/30 14:0:0 , 18.90 , 78.0
2024/4/30 14:30:0 , 18.60 , 76.0
2024/4/30 15:0:0 , 17.90 , 77.0
2024/4/30 15:30:0 , 17.30 , 80.0
2024/4/30 16:0:0 , 16.90 , 81.0
2024/4/30 16:30:0 , 16.90 , 81.0
2024/4/30 17:0:0 , 18.10 , 80.0
2024/4/30 17:30:0 , 17.30 , 81.0
2024/4/30 18:0:0 , 17.40 , 81.0
2024/4/30 18:30:0 , 17.20 , 81.0
2024/4/30 19:0:0 , 17.20 , 81.0
2024/4/30 19:30:0 , 17.10 , 80.0
2024/4/30 20:0:0 , 17.30 , 80.0
2024/4/30 20:30:0 , 17.30 , 78.0
2024/4/30 21:0:0 , 17.30 , 77.0
2024/4/30 21:30:0 , 17.20 , 77.0
2024/4/30 22:0:0 , 17.20 , 77.0
2024/4/30 22:30:0 , 17.30 , 77.0
2024/4/30 23:0:0 , 17.50 , 76.0
2024/4/30 23:30:0 , 17.50 , 75.0
2024/5/1 0:0:0 , 17.40 , 74.0
2024/5/1 0:30:0 , 17.30 , 75.0
2024/5/1 1:0:0 , 17.20 , 75.0
2024/5/1 1:30:0 , 17.20 , 75.0
2024/5/1 2:0:0 , 17.10 , 74.0
2024/5/1 2:30:0 , 17.10 , 74.0
2024/5/1 3:0:0 , 17.0 , 73.0
2024/5/1 3:30:0 , 17.0 , 71.0
2024/5/1 4:0:0 , 17.0 , 71.0
2024/5/1 4:30:0 , 17.0 , 71.0
2024/5/1 5:0:0 , 17.0 , 71.0
2024/5/1 5:30:0 , 17.10 , 70.0
2024/5/1 6:0:0 , 17.10 , 70.0
2024/5/1 6:30:0 , 17.10 , 71.0
2024/5/1 7:0:0 , 17.30 , 71.0
2024/5/1 7:30:0 , 17.50 , 70.0
2024/5/1 8:0:0 , 17.80 , 69.0
2024/5/1 8:30:0 , 18.50 , 67.0
2024/5/1 9:0:0 , 19.0 , 65.0
2024/5/1 9:30:0 , 19.50 , 65.0
2024/5/1 10:0:0 , 20.10 , 64.0
2024/5/1 10:30:0 , 20.40 , 64.0
2024/5/1 11:0:0 , 20.70 , 63.0
2024/5/1 11:30:0 , 21.10 , 62.0
2024/5/1 12:0:0 , 21.10 , 62.0
2024/5/1 12:30:0 , 21.0 , 62.0
2024/5/1 13:0:0 , 21.20 , 62.0
2024/5/1 13:30:0 , 21.10 , 63.0
2024/5/1 14:0:0 , 21.20 , 63.0
2024/5/1 14:30:0 , 21.30 , 62.0
2024/5/1 15:0:0 , 21.50 , 62.0
2024/5/1 15:30:0 , 21.50 , 62.0
2024/5/1 16:0:0 , 21.40 , 62.0
2024/5/1 16:30:0 , 21.30 , 62.0
2024/5/1 17:0:0 , 21.30 , 62.0
2024/5/1 17:30:0 , 21.20 , 63.0
2024/5/1 18:0:0 , 21.10 , 63.0
2024/5/1 18:30:0 , 20.90 , 64.0
2024/5/1 19:0:0 , 20.60 , 65.0
2024/5/1 19:30:0 , 20.40 , 66.0
2024/5/1 20:0:0 , 20.20 , 67.0
2024/5/1 20:30:0 , 20.10 , 67.0
2024/5/1 21:0:0 , 20.0 , 68.0
2024/5/1 21:30:0 , 19.90 , 68.0
2024/5/1 22:0:0 , 19.90 , 68.0
2024/5/1 22:30:0 , 19.90 , 69.0
2024/5/1 23:0:0 , 19.80 , 69.0
2024/5/1 23:30:0 , 19.80 , 69.0
2024/5/2 0:0:0 , 19.70 , 70.0
2024/5/2 0:30:0 , 19.60 , 70.0
2024/5/2 1:0:0 , 19.60 , 71.0
2024/5/2 1:30:0 , 19.60 , 71.0
2024/5/2 2:0:0 , 19.50 , 71.0
2024/5/2 2:30:0 , 19.50 , 71.0
2024/5/2 3:0:0 , 19.50 , 72.0
2024/5/2 3:30:0 , 19.40 , 72.0
2024/5/2 4:0:0 , 19.40 , 72.0
2024/5/2 4:30:0 , 19.40 , 72.0
2024/5/2 5:0:0 , 19.30 , 72.0
2024/5/2 5:30:0 , 19.30 , 72.0
2024/5/2 6:0:0 , 19.30 , 72.0
2024/5/2 6:30:0 , 19.50 , 72.0
2024/5/2 7:0:0 , 19.70 , 72.0
2024/5/2 7:30:0 , 20.20 , 70.0
2024/5/2 8:0:0 , 20.60 , 69.0
2024/5/2 8:30:0 , 20.70 , 68.0
2024/5/2 9:0:0 , 21.10 , 66.0
2024/5/2 9:30:0 , 21.20 , 65.0
2024/5/2 10:0:0 , 21.30 , 64.0
2024/5/2 10:30:0 , 21.50 , 63.0
2024/5/2 11:0:0 , 21.50 , 63.0
2024/5/2 11:30:0 , 21.50 , 62.0
2024/5/2 12:0:0 , 21.70 , 61.0
2024/5/2 12:30:0 , 21.80 , 61.0
2024/5/2 13:0:0 , 22.0 , 60.0
2024/5/2 13:30:0 , 22.10 , 59.0
2024/5/2 14:0:0 , 22.0 , 59.0
2024/5/2 14:30:0 , 22.0 , 59.0
2024/5/2 15:0:0 , 22.10 , 59.0
2024/5/2 15:30:0 , 22.10 , 59.0
2024/5/2 16:0:0 , 21.80 , 60.0
2024/5/2 16:30:0 , 21.80 , 60.0
2024/5/2 17:0:0 , 21.80 , 60.0
2024/5/2 17:30:0 , 21.80 , 61.0
2024/5/2 18:0:0 , 21.70 , 61.0
2024/5/2 18:30:0 , 21.60 , 61.0
2024/5/2 19:0:0 , 21.50 , 62.0
2024/5/2 19:30:0 , 21.40 , 62.0
2024/5/2 20:0:0 , 21.10 , 63.0
2024/5/2 20:30:0 , 21.0 , 64.0
2024/5/2 21:0:0 , 20.80 , 64.0
2024/5/2 21:30:0 , 20.80 , 65.0
2024/5/2 22:0:0 , 20.80 , 65.0
2024/5/2 22:30:0 , 20.80 , 65.0
2024/5/2 23:0:0 , 20.80 , 65.0
2024/5/2 23:30:0 , 20.70 , 65.0
2024/5/3 0:0:0 , 20.60 , 66.0
2024/5/3 0:30:0 , 20.60 , 66.0
2024/5/3 1:0:0 , 20.60 , 66.0
2024/5/3 1:30:0 , 20.50 , 65.0
2024/5/3 2:0:0 , 20.50 , 65.0
2024/5/3 2:30:0 , 20.40 , 65.0
2024/5/3 3:0:0 , 20.40 , 65.0
2024/5/3 3:30:0 , 20.30 , 64.0
2024/5/3 4:0:0 , 20.30 , 65.0
2024/5/3 4:30:0 , 20.30 , 61.0
2024/5/3 5:0:0 , 20.30 , 60.0
2024/5/3 5:30:0 , 20.20 , 60.0
2024/5/3 6:0:0 , 20.20 , 59.0
2024/5/3 6:30:0 , 20.20 , 59.0
2024/5/3 7:0:0 , 20.20 , 55.0
2024/5/3 7:30:0 , 20.30 , 57.0
2024/5/3 8:0:0 , 20.30 , 56.0
2024/5/3 8:30:0 , 20.30 , 54.0
2024/5/3 9:0:0 , 20.40 , 55.0
2024/5/3 9:30:0 , 20.30 , 56.0
2024/5/3 10:0:0 , 20.30 , 58.0
2024/5/3 10:30:0 , 20.30 , 59.0
2024/5/3 11:0:0 , 20.20 , 60.0
2024/5/3 11:30:0 , 20.40 , 61.0
2024/5/3 12:0:0 , 20.40 , 62.0
2024/5/3 12:30:0 , 20.40 , 62.0
2024/5/3 13:0:0 , 20.40 , 63.0
2024/5/3 13:30:0 , 20.40 , 63.0
2024/5/3 14:0:0 , 19.80 , 63.0
2024/5/3 14:30:0 , 17.80 , 69.0
2024/5/3 15:0:0 , 17.60 , 73.0
2024/5/3 15:30:0 , 18.0 , 73.0
2024/5/3 16:0:0 , 18.0 , 75.0
2024/5/3 16:30:0 , 17.80 , 74.0
2024/5/3 17:0:0 , 17.60 , 76.0
2024/5/3 17:30:0 , 17.40 , 80.0
2024/5/3 18:0:0 , 17.30 , 82.0
2024/5/3 18:30:0 , 17.40 , 82.0
2024/5/3 19:0:0 , 17.40 , 82.0
2024/5/3 19:30:0 , 17.20 , 84.0
2024/5/3 20:0:0 , 17.0 , 85.0
2024/5/3 20:30:0 , 17.30 , 85.0
2024/5/3 21:0:0 , 17.30 , 86.0
2024/5/3 21:30:0 , 17.70 , 86.0
2024/5/3 22:0:0 , 17.10 , 88.0
2024/5/3 22:30:0 , 17.20 , 87.0
2024/5/3 23:0:0 , 17.30 , 88.0
2024/5/3 23:30:0 , 17.40 , 88.0
2024/5/4 0:0:0 , 17.40 , 88.0
2024/5/4 0:30:0 , 17.30 , 88.0
2024/5/4 1:0:0 , 17.0 , 90.0
2024/5/4 1:30:0 , 17.0 , 90.0
2024/5/4 2:0:0 , 16.90 , 90.0
2024/5/4 2:30:0 , 16.70 , 92.0
2024/5/4 3:0:0 , 16.70 , 92.0
2024/5/4 3:30:0 , 16.60 , 92.0
2024/5/4 4:0:0 , 16.80 , 91.0
2024/5/4 4:30:0 , 16.70 , 91.0
2024/5/4 5:0:0 , 16.70 , 91.0
2024/5/4 5:30:0 , 16.60 , 92.0
2024/5/4 6:0:0 , 16.50 , 92.0
2024/5/4 6:30:0 , 16.50 , 93.0
2024/5/4 7:0:0 , 16.60 , 92.0
2024/5/4 7:30:0 , 16.70 , 93.0
2024/5/4 8:0:0 , 16.60 , 93.0
2024/5/4 8:30:0 , 16.50 , 93.0
2024/5/4 9:0:0 , 16.60 , 93.0
2024/5/4 9:30:0 , 17.0 , 92.0
2024/5/4 10:0:0 , 17.10 , 93.0
2024/5/4 10:30:0 , 17.20 , 92.0
2024/5/4 11:0:0 , 17.60 , 93.0
2024/5/4 11:30:0 , 18.50 , 90.0
2024/5/4 12:0:0 , 18.80 , 88.0
2024/5/4 12:30:0 , 19.0 , 85.0
2024/5/4 13:0:0 , 19.20 , 84.0
2024/5/4 13:30:0 , 19.10 , 84.0
2024/5/4 14:0:0 , 19.20 , 83.0
2024/5/4 14:30:0 , 19.0 , 82.0
2024/5/4 15:0:0 , 19.10 , 82.0
2024/5/4 15:30:0 , 19.0 , 82.0
2024/5/4 16:0:0 , 19.10 , 82.0
2024/5/4 16:30:0 , 19.10 , 82.0
2024/5/4 17:0:0 , 18.90 , 83.0
2024/5/4 17:30:0 , 18.70 , 83.0
2024/5/4 18:0:0 , 18.70 , 83.0
2024/5/4 18:30:0 , 18.70 , 82.0
2024/5/4 19:0:0 , 18.50 , 82.0
2024/5/4 19:30:0 , 18.40 , 82.0
2024/5/4 20:0:0 , 18.40 , 83.0
2024/5/4 20:30:0 , 18.40 , 84.0
2024/5/4 21:0:0 , 18.40 , 83.0
2024/5/4 21:30:0 , 18.40 , 83.0
2024/5/4 22:0:0 , 18.40 , 84.0
2024/5/4 22:30:0 , 18.80 , 85.0
2024/5/4 23:0:0 , 18.90 , 83.0
2024/5/4 23:30:0 , 18.60 , 84.0
2024/5/5 0:0:0 , 18.70 , 85.0
2024/5/5 0:30:0 , 18.80 , 85.0
2024/5/5 1:0:0 , 18.60 , 83.0
2024/5/5 1:30:0 , 18.50 , 83.0
2024/5/5 2:0:0 , 18.50 , 83.0
2024/5/5 2:30:0 , 18.50 , 83.0
2024/5/5 3:0:0 , 18.50 , 83.0
2024/5/5 3:30:0 , 18.50 , 83.0
2024/5/5 4:0:0 , 18.50 , 83.0
2024/5/5 4:30:0 , 18.50 , 82.0
2024/5/5 5:0:0 , 18.40 , 82.0
2024/5/5 5:30:0 , 18.40 , 82.0
2024/5/5 6:0:0 , 18.40 , 82.0
2024/5/5 6:30:0 , 18.40 , 82.0
2024/5/5 7:0:0 , 18.30 , 82.0
2024/5/5 7:30:0 , 18.40 , 82.0
2024/5/5 8:0:0 , 18.60 , 81.0
2024/5/5 8:30:0 , 18.60 , 81.0
2024/5/5 9:0:0 , 18.90 , 81.0
2024/5/5 9:30:0 , 19.20 , 80.0
2024/5/5 10:0:0 , 19.50 , 79.0
2024/5/5 10:30:0 , 20.0 , 78.0
2024/5/5 11:0:0 , 20.30 , 78.0
2024/5/5 11:30:0 , 20.60 , 77.0
2024/5/5 12:0:0 , 20.90 , 76.0
2024/5/5 12:30:0 , 21.0 , 74.0
2024/5/5 13:0:0 , 21.10 , 72.0
2024/5/5 13:30:0 , 21.20 , 71.0
2024/5/5 14:0:0 , 21.40 , 71.0
2024/5/5 14:30:0 , 21.40 , 71.0
2024/5/5 15:0:0 , 21.60 , 72.0
2024/5/5 15:30:0 , 21.70 , 72.0
2024/5/5 16:0:0 , 21.70 , 72.0
2024/5/5 16:30:0 , 21.80 , 72.0
2024/5/5 17:0:0 , 21.70 , 71.0
2024/5/5 17:30:0 , 21.50 , 71.0
2024/5/5 18:0:0 , 21.40 , 71.0
2024/5/5 18:30:0 , 21.20 , 72.0
2024/5/5 19:0:0 , 21.10 , 72.0
2024/5/5 19:30:0 , 21.0 , 73.0
2024/5/5 20:0:0 , 20.90 , 75.0
2024/5/5 20:30:0 , 20.80 , 76.0
2024/5/5 21:0:0 , 20.70 , 77.0
2024/5/5 21:30:0 , 20.60 , 78.0
2024/5/5 22:0:0 , 20.50 , 78.0
2024/5/5 22:30:0 , 20.40 , 78.0
2024/5/5 23:0:0 , 20.40 , 80.0
2024/5/5 23:30:0 , 20.30 , 81.0
2024/5/6 0:0:0 , 20.0 , 81.0
2024/5/6 0:30:0 , 19.80 , 82.0
2024/5/6 1:0:0 , 19.70 , 83.0
2024/5/6 1:30:0 , 19.50 , 83.0
2024/5/6 2:0:0 , 19.40 , 84.0
2024/5/6 2:30:0 , 19.30 , 84.0
2024/5/6 3:0:0 , 19.30 , 84.0
2024/5/6 3:30:0 , 19.20 , 85.0
2024/5/6 4:0:0 , 19.10 , 85.0
2024/5/6 4:30:0 , 19.0 , 85.0
2024/5/6 5:0:0 , 19.0 , 85.0
2024/5/6 5:30:0 , 18.90 , 86.0
2024/5/6 6:0:0 , 18.90 , 86.0
2024/5/6 6:30:0 , 19.10 , 86.0
2024/5/6 7:0:0 , 19.40 , 87.0
2024/5/6 7:30:0 , 20.0 , 84.0
2024/5/6 8:0:0 , 20.40 , 82.0
2024/5/6 8:30:0 , 20.70 , 81.0
2024/5/6 9:0:0 , 20.90 , 80.0
2024/5/6 9:30:0 , 21.10 , 79.0
2024/5/6 10:0:0 , 21.50 , 79.0
2024/5/6 10:30:0 , 21.90 , 78.0
2024/5/6 11:0:0 , 22.10 , 77.0
2024/5/6 11:30:0 , 22.10 , 77.0
2024/5/6 12:0:0 , 22.20 , 77.0
2024/5/6 12:30:0 , 22.30 , 77.0
2024/5/6 13:0:0 , 22.20 , 76.0
2024/5/6 13:30:0 , 22.30 , 76.0
2024/5/6 14:0:0 , 22.50 , 77.0
2024/5/6 14:30:0 , 22.70 , 76.0
2024/5/6 15:0:0 , 22.80 , 76.0
2024/5/6 15:30:0 , 22.90 , 76.0
2024/5/6 16:0:0 , 23.0 , 76.0
2024/5/6 16:30:0 , 23.0 , 76.0
2024/5/6 17:0:0 , 23.10 , 75.0
2024/5/6 17:30:0 , 23.10 , 76.0
2024/5/6 18:0:0 , 23.10 , 76.0
2024/5/6 18:30:0 , 23.0 , 76.0
2024/5/6 19:0:0 , 23.0 , 76.0
2024/5/6 19:30:0 , 22.80 , 76.0
2024/5/6 20:0:0 , 22.60 , 76.0
2024/5/6 20:30:0 , 22.60 , 76.0
2024/5/6 21:0:0 , 22.50 , 76.0
2024/5/6 21:30:0 , 22.30 , 76.0
2024/5/6 22:0:0 , 22.20 , 76.0
2024/5/6 22:30:0 , 22.20 , 76.0
2024/5/6 23:0:0 , 22.20 , 79.0
2024/5/6 23:30:0 , 22.20 , 80.0
2024/5/7 0:0:0 , 22.10 , 81.0
2024/5/7 0:30:0 , 21.90 , 81.0
2024/5/7 1:0:0 , 21.70 , 82.0
2024/5/7 1:30:0 , 21.70 , 83.0
2024/5/7 2:0:0 , 21.60 , 83.0
2024/5/7 2:30:0 , 21.60 , 83.0
2024/5/7 3:0:0 , 21.60 , 83.0
2024/5/7 3:30:0 , 21.50 , 84.0
2024/5/7 4:0:0 , 21.50 , 84.0
2024/5/7 4:30:0 , 21.30 , 85.0
2024/5/7 5:0:0 , 21.20 , 85.0
2024/5/7 5:30:0 , 21.20 , 86.0
2024/5/7 6:0:0 , 21.30 , 88.0
2024/5/7 6:30:0 , 21.40 , 86.0
2024/5/7 7:0:0 , 21.60 , 84.0
2024/5/7 7:30:0 , 21.90 , 83.0
2024/5/7 8:0:0 , 22.20 , 82.0
2024/5/7 8:30:0 , 22.40 , 81.0
2024/5/7 9:0:0 , 22.60 , 81.0
2024/5/7 9:30:0 , 22.90 , 81.0
2024/5/7 10:0:0 , 23.10 , 80.0
2024/5/7 10:30:0 , 23.20 , 80.0
2024/5/7 11:0:0 , 23.50 , 80.0
2024/5/7 11:30:0 , 23.60 , 79.0
2024/5/7 12:0:0 , 23.80 , 78.0
2024/5/7 12:30:0 , 24.0 , 76.0
2024/5/7 13:0:0 , 24.0 , 75.0
2024/5/7 13:30:0 , 24.0 , 74.0
2024/5/7 14:0:0 , 24.0 , 74.0
2024/5/7 14:30:0 , 24.0 , 74.0
2024/5/7 15:0:0 , 24.0 , 74.0
2024/5/7 15:30:0 , 24.10 , 73.0
2024/5/7 16:0:0 , 24.20 , 73.0
2024/5/7 16:30:0 , 24.20 , 73.0
2024/5/7 17:0:0 , 24.30 , 74.0
2024/5/7 17:30:0 , 24.20 , 75.0
2024/5/7 18:0:0 , 24.20 , 75.0
2024/5/7 18:30:0 , 24.10 , 75.0
2024/5/7 19:0:0 , 23.90 , 76.0
2024/5/7 19:30:0 , 23.90 , 76.0
2024/5/7 20:0:0 , 23.80 , 76.0
2024/5/7 20:30:0 , 23.70 , 76.0
2024/5/7 21:0:0 , 23.70 , 77.0
2024/5/7 21:30:0 , 23.90 , 76.0
2024/5/7 22:0:0 , 23.90 , 75.0
2024/5/7 22:30:0 , 23.80 , 75.0
2024/5/7 23:0:0 , 23.80 , 75.0
2024/5/7 23:30:0 , 23.90 , 75.0
2024/5/8 0:0:0 , 23.90 , 75.0
2024/5/8 0:30:0 , 24.0 , 76.0
2024/5/8 1:0:0 , 24.0 , 77.0
2024/5/8 1:30:0 , 23.90 , 76.0
2024/5/8 2:0:0 , 23.60 , 74.0
2024/5/8 2:30:0 , 23.60 , 75.0
2024/5/8 3:0:0 , 23.50 , 75.0
2024/5/8 3:30:0 , 23.40 , 76.0
2024/5/8 4:0:0 , 23.30 , 77.0
2024/5/8 4:30:0 , 23.10 , 78.0
2024/5/8 5:0:0 , 23.0 , 78.0
2024/5/8 5:30:0 , 22.90 , 79.0
2024/5/8 6:0:0 , 22.80 , 79.0
2024/5/8 6:30:0 , 22.90 , 75.0
2024/5/8 7:0:0 , 23.30 , 71.0
2024/5/8 7:30:0 , 23.90 , 73.0
2024/5/8 8:0:0 , 24.30 , 71.0
2024/5/8 8:30:0 , 24.50 , 70.0
2024/5/8 9:0:0 , 24.70 , 69.0
2024/5/8 9:30:0 , 24.80 , 67.0
2024/5/8 10:0:0 , 24.90 , 66.0
2024/5/8 10:30:0 , 25.0 , 66.0
2024/5/8 11:0:0 , 25.10 , 65.0
2024/5/8 11:30:0 , 25.10 , 63.0
2024/5/8 12:0:0 , 25.0 , 59.0
2024/5/8 12:30:0 , 25.10 , 58.0
2024/5/8 13:0:0 , 25.20 , 57.0
2024/5/8 13:30:0 , 25.20 , 57.0
2024/5/8 14:0:0 , 25.20 , 56.0
2024/5/8 14:30:0 , 25.40 , 53.0
2024/5/8 15:0:0 , 25.30 , 53.0
2024/5/8 15:30:0 , 25.20 , 53.0
2024/5/8 16:0:0 , 25.40 , 53.0
2024/5/8 16:30:0 , 25.60 , 54.0
2024/5/8 17:0:0 , 25.60 , 55.0
2024/5/8 17:30:0 , 25.60 , 56.0
2024/5/8 18:0:0 , 25.80 , 53.0
2024/5/8 18:30:0 , 25.80 , 54.0
2024/5/8 19:0:0 , 25.40 , 52.0
2024/5/8 19:30:0 , 25.30 , 52.0
2024/5/8 20:0:0 , 25.50 , 53.0
2024/5/8 20:30:0 , 25.40 , 54.0
2024/5/8 21:0:0 , 25.40 , 54.0
2024/5/8 21:30:0 , 25.40 , 54.0
2024/5/8 22:0:0 , 25.20 , 55.0
2024/5/8 22:30:0 , 25.10 , 57.0
2024/5/8 23:0:0 , 25.10 , 58.0
2024/5/8 23:30:0 , 24.80 , 59.0
2024/5/9 0:0:0 , 24.70 , 60.0
2024/5/9 0:30:0 , 24.60 , 62.0
2024/5/9 1:0:0 , 24.60 , 62.0
2024/5/9 1:30:0 , 24.50 , 61.0
2024/5/9 2:0:0 , 24.30 , 61.0
2024/5/9 2:30:0 , 24.10 , 62.0
2024/5/9 3:0:0 , 23.90 , 63.0
2024/5/9 3:30:0 , 23.80 , 65.0
2024/5/9 4:0:0 , 23.70 , 62.0
2024/5/9 4:30:0 , 23.60 , 63.0
2024/5/9 5:0:0 , 23.50 , 65.0
2024/5/9 5:30:0 , 23.40 , 63.0
2024/5/9 6:0:0 , 23.40 , 61.0
2024/5/9 6:30:0 , 23.40 , 59.0
2024/5/9 7:0:0 , 23.60 , 65.0
2024/5/9 7:30:0 , 23.80 , 62.0
2024/5/9 8:0:0 , 24.10 , 64.0
2024/5/9 8:30:0 , 24.10 , 63.0
2024/5/9 9:0:0 , 24.30 , 63.0
2024/5/9 9:30:0 , 24.40 , 58.0
2024/5/9 10:0:0 , 24.50 , 54.0
2024/5/9 10:30:0 , 24.70 , 52.0
2024/5/9 11:0:0 , 24.80 , 49.0
2024/5/9 11:30:0 , 24.90 , 49.0
2024/5/9 12:0:0 , 25.10 , 50.0
2024/5/9 12:30:0 , 25.10 , 51.0
2024/5/9 13:0:0 , 25.0 , 51.0
2024/5/9 13:30:0 , 25.0 , 51.0
2024/5/9 14:0:0 , 25.0 , 52.0
2024/5/9 14:30:0 , 25.10 , 52.0
2024/5/9 15:0:0 , 25.10 , 53.0
2024/5/9 15:30:0 , 25.10 , 53.0
2024/5/9 16:0:0 , 25.10 , 54.0
2024/5/9 16:30:0 , 25.10 , 54.0
2024/5/9 17:0:0 , 25.10 , 54.0
2024/5/9 17:30:0 , 25.10 , 54.0
2024/5/9 18:0:0 , 25.10 , 55.0
2024/5/9 18:30:0 , 25.10 , 56.0
2024/5/9 19:0:0 , 25.20 , 57.0
2024/5/9 19:30:0 , 25.10 , 57.0
2024/5/9 20:0:0 , 25.0 , 58.0
2024/5/9 20:30:0 , 24.80 , 59.0
2024/5/9 21:0:0 , 24.60 , 59.0
2024/5/9 21:30:0 , 24.50 , 59.0
2024/5/9 22:0:0 , 24.40 , 61.0
2024/5/9 22:30:0 , 24.40 , 62.0
2024/5/9 23:0:0 , 24.30 , 62.0
2024/5/9 23:30:0 , 24.20 , 63.0
2024/5/10 0:0:0 , 24.20 , 63.0
2024/5/10 0:30:0 , 24.20 , 65.0
2024/5/10 1:0:0 , 24.20 , 67.0
2024/5/10 1:30:0 , 24.10 , 65.0
2024/5/10 2:0:0 , 23.80 , 64.0
2024/5/10 2:30:0 , 23.60 , 64.0
2024/5/10 3:0:0 , 23.50 , 65.0
2024/5/10 3:30:0 , 23.40 , 65.0
2024/5/10 4:0:0 , 23.30 , 65.0
2024/5/10 4:30:0 , 23.20 , 66.0
2024/5/10 5:0:0 , 23.10 , 66.0
2024/5/10 5:30:0 , 23.0 , 67.0
2024/5/10 6:0:0 , 22.90 , 67.0
2024/5/10 6:30:0 , 23.0 , 68.0
2024/5/10 7:0:0 , 23.30 , 68.0
2024/5/10 7:30:0 , 23.90 , 66.0
2024/5/10 8:0:0 , 24.30 , 65.0
2024/5/10 8:30:0 , 24.80 , 64.0
2024/5/10 9:0:0 , 25.0 , 62.0
2024/5/10 9:30:0 , 25.20 , 61.0
2024/5/10 10:0:0 , 25.50 , 61.0
2024/5/10 10:30:0 , 25.70 , 61.0
2024/5/10 11:0:0 , 26.10 , 62.0
2024/5/10 11:30:0 , 26.30 , 61.0
2024/5/10 12:0:0 , 26.40 , 62.0
2024/5/10 12:30:0 , 26.30 , 59.0
2024/5/10 13:0:0 , 26.30 , 59.0
2024/5/10 13:30:0 , 26.30 , 59.0
2024/5/10 14:0:0 , 26.10 , 60.0
2024/5/10 14:30:0 , 26.10 , 62.0
2024/5/10 15:0:0 , 26.20 , 62.0
2024/5/10 15:30:0 , 26.20 , 63.0
2024/5/10 16:0:0 , 26.20 , 64.0
2024/5/10 16:30:0 , 26.20 , 65.0
2024/5/10 17:0:0 , 26.20 , 65.0
2024/5/10 17:30:0 , 26.10 , 65.0
2024/5/10 18:0:0 , 26.0 , 66.0
2024/5/10 18:30:0 , 25.90 , 66.0
2024/5/10 19:0:0 , 25.80 , 67.0
2024/5/10 19:30:0 , 25.60 , 70.0
2024/5/10 20:0:0 , 25.60 , 71.0
2024/5/10 20:30:0 , 25.50 , 72.0
2024/5/10 21:0:0 , 25.40 , 75.0
2024/5/10 21:30:0 , 25.40 , 76.0
2024/5/10 22:0:0 , 25.30 , 76.0
2024/5/10 22:30:0 , 25.30 , 74.0
2024/5/10 23:0:0 , 25.20 , 74.0
2024/5/10 23:30:0 , 25.20 , 75.0
2024/5/11 0:0:0 , 25.10 , 76.0
2024/5/11 0:30:0 , 25.0 , 77.0
2024/5/11 1:0:0 , 24.70 , 78.0
2024/5/11 1:30:0 , 24.60 , 78.0
2024/5/11 2:0:0 , 24.50 , 79.0
2024/5/11 2:30:0 , 24.40 , 80.0
2024/5/11 3:0:0 , 24.30 , 80.0
2024/5/11 3:30:0 , 24.20 , 81.0
2024/5/11 4:0:0 , 24.20 , 81.0
2024/5/11 4:30:0 , 24.10 , 81.0
2024/5/11 5:0:0 , 24.10 , 81.0
2024/5/11 5:30:0 , 24.10 , 82.0
2024/5/11 6:0:0 , 24.10 , 82.0
2024/5/11 6:30:0 , 24.10 , 82.0
2024/5/11 7:0:0 , 24.20 , 82.0
2024/5/11 7:30:0 , 24.20 , 82.0
2024/5/11 8:0:0 , 24.10 , 82.0
2024/5/11 8:30:0 , 24.20 , 83.0
2024/5/11 9:0:0 , 24.40 , 84.0
2024/5/11 9:30:0 , 24.70 , 84.0
2024/5/11 10:0:0 , 24.70 , 83.0
2024/5/11 10:30:0 , 24.80 , 85.0
2024/5/11 11:0:0 , 24.70 , 86.0
2024/5/11 11:30:0 , 24.70 , 85.0
2024/5/11 12:0:0 , 25.30 , 82.0
2024/5/11 12:30:0 , 25.30 , 82.0
2024/5/11 13:0:0 , 25.70 , 79.0
2024/5/11 13:30:0 , 25.30 , 80.0
2024/5/11 14:0:0 , 25.20 , 79.0
2024/5/11 14:30:0 , 25.0 , 81.0
2024/5/11 15:0:0 , 24.70 , 82.0
2024/5/11 15:30:0 , 24.50 , 77.0
2024/5/11 16:0:0 , 24.20 , 71.0
2024/5/11 16:30:0 , 24.10 , 67.0
2024/5/11 17:0:0 , 24.0 , 64.0
2024/5/11 17:30:0 , 24.0 , 62.0
2024/5/11 18:0:0 , 23.90 , 60.0
2024/5/11 18:30:0 , 24.0 , 59.0
2024/5/11 19:0:0 , 23.80 , 55.0
2024/5/11 19:30:0 , 23.60 , 53.0
2024/5/11 20:0:0 , 23.60 , 51.0
2024/5/11 20:30:0 , 23.90 , 53.0
2024/5/11 21:0:0 , 24.0 , 52.0
2024/5/11 21:30:0 , 23.70 , 50.0
2024/5/11 22:0:0 , 23.60 , 48.0
2024/5/11 22:30:0 , 23.60 , 48.0
2024/5/11 23:0:0 , 23.60 , 48.0
2024/5/11 23:30:0 , 23.60 , 47.0
2024/5/12 0:0:0 , 23.50 , 47.0
2024/5/12 0:30:0 , 23.30 , 47.0
2024/5/12 1:0:0 , 23.20 , 48.0
2024/5/12 1:30:0 , 23.10 , 49.0
2024/5/12 2:0:0 , 23.10 , 49.0
2024/5/12 2:30:0 , 23.0 , 49.0
2024/5/12 3:0:0 , 22.80 , 48.0
2024/5/12 3:30:0 , 22.90 , 48.0
2024/5/12 4:0:0 , 22.70 , 48.0
2024/5/12 4:30:0 , 22.60 , 48.0
2024/5/12 5:0:0 , 22.60 , 47.0
2024/5/12 5:30:0 , 22.50 , 47.0
2024/5/12 6:0:0 , 22.60 , 47.0
2024/5/12 6:30:0 , 22.60 , 47.0
2024/5/12 7:0:0 , 22.90 , 47.0
2024/5/12 7:30:0 , 23.20 , 48.0
2024/5/12 8:0:0 , 23.40 , 47.0
2024/5/12 8:30:0 , 23.70 , 47.0
2024/5/12 9:0:0 , 24.0 , 48.0
2024/5/12 9:30:0 , 24.40 , 49.0
2024/5/12 10:0:0 , 24.80 , 50.0
2024/5/12 10:30:0 , 25.0 , 51.0
2024/5/12 11:0:0 , 25.20 , 52.0
2024/5/12 11:30:0 , 25.30 , 52.0
2024/5/12 12:0:0 , 25.10 , 48.0
2024/5/12 12:30:0 , 25.20 , 45.0
2024/5/12 13:0:0 , 25.10 , 44.0
2024/5/12 13:30:0 , 25.10 , 43.0
2024/5/12 14:0:0 , 25.20 , 43.0
2024/5/12 14:30:0 , 25.30 , 42.0
2024/5/12 15:0:0 , 25.30 , 40.0
2024/5/12 15:30:0 , 25.60 , 39.0
2024/5/12 16:0:0 , 25.60 , 39.0
2024/5/12 16:30:0 , 25.60 , 39.0
2024/5/12 17:0:0 , 25.60 , 39.0
2024/5/12 17:30:0 , 25.70 , 40.0
2024/5/12 18:0:0 , 25.60 , 42.0
2024/5/12 18:30:0 , 25.60 , 43.0
2024/5/12 19:0:0 , 25.60 , 45.0
2024/5/12 19:30:0 , 25.50 , 48.0
2024/5/12 20:0:0 , 25.40 , 50.0
2024/5/12 20:30:0 , 25.20 , 53.0
2024/5/12 21:0:0 , 25.10 , 54.0
2024/5/12 21:30:0 , 25.10 , 56.0
2024/5/12 22:0:0 , 25.0 , 56.0
2024/5/12 22:30:0 , 24.90 , 57.0
2024/5/12 23:0:0 , 24.70 , 59.0
2024/5/12 23:30:0 , 24.60 , 61.0
2024/5/13 0:0:0 , 24.60 , 63.0
2024/5/13 0:30:0 , 24.30 , 64.0
2024/5/13 1:0:0 , 24.10 , 64.0
2024/5/13 1:30:0 , 24.0 , 65.0
2024/5/13 2:0:0 , 23.80 , 66.0
2024/5/13 2:30:0 , 23.80 , 67.0
2024/5/13 3:0:0 , 23.60 , 68.0
2024/5/13 3:30:0 , 23.50 , 68.0
2024/5/13 4:0:0 , 23.40 , 68.0
2024/5/13 4:30:0 , 23.30 , 67.0
2024/5/13 5:0:0 , 23.20 , 66.0
2024/5/13 5:30:0 , 23.10 , 66.0
2024/5/13 6:0:0 , 23.10 , 66.0
2024/5/13 6:30:0 , 23.30 , 66.0
2024/5/13 7:0:0 , 23.70 , 65.0
2024/5/13 7:30:0 , 24.20 , 63.0
2024/5/13 8:0:0 , 24.60 , 60.0
2024/5/13 8:30:0 , 25.0 , 60.0
2024/5/13 9:0:0 , 25.30 , 59.0
2024/5/13 9:30:0 , 25.40 , 59.0
2024/5/13 10:0:0 , 25.50 , 59.0
2024/5/13 10:30:0 , 25.60 , 58.0
2024/5/13 11:0:0 , 25.70 , 58.0
2024/5/13 11:30:0 , 25.70 , 58.0
2024/5/13 12:0:0 , 25.80 , 57.0
2024/5/13 12:30:0 , 25.80 , 57.0
2024/5/13 13:0:0 , 25.90 , 56.0
2024/5/13 13:30:0 , 25.90 , 56.0
2024/5/13 14:0:0 , 25.90 , 53.0
2024/5/13 14:30:0 , 25.90 , 53.0
2024/5/13 15:0:0 , 26.0 , 53.0
2024/5/13 15:30:0 , 26.10 , 52.0
2024/5/13 16:0:0 , 26.10 , 53.0
2024/5/13 16:30:0 , 26.10 , 53.0
2024/5/13 17:0:0 , 26.20 , 52.0
2024/5/13 17:30:0 , 26.0 , 52.0
2024/5/13 18:0:0 , 25.90 , 53.0
2024/5/13 18:30:0 , 25.80 , 53.0
2024/5/13 19:0:0 , 25.70 , 54.0
2024/5/13 19:30:0 , 25.60 , 54.0
2024/5/13 20:0:0 , 25.40 , 54.0
2024/5/13 20:30:0 , 25.20 , 52.0
2024/5/13 21:0:0 , 25.10 , 54.0
2024/5/13 21:30:0 , 25.0 , 55.0
2024/5/13 22:0:0 , 24.90 , 55.0
2024/5/13 22:30:0 , 24.90 , 56.0
2024/5/13 23:0:0 , 24.80 , 55.0
2024/5/13 23:30:0 , 24.80 , 58.0
2024/5/14 0:0:0 , 24.70 , 55.0
2024/5/14 0:30:0 , 24.60 , 56.0
2024/5/14 1:0:0 , 24.20 , 57.0
2024/5/14 1:30:0 , 24.10 , 58.0
2024/5/14 2:0:0 , 23.90 , 59.0
2024/5/14 2:30:0 , 23.70 , 60.0
2024/5/14 3:0:0 , 23.60 , 60.0
2024/5/14 3:30:0 , 23.50 , 60.0
2024/5/14 4:0:0 , 23.40 , 61.0
2024/5/14 4:30:0 , 23.30 , 61.0
2024/5/14 5:0:0 , 23.20 , 62.0
2024/5/14 5:30:0 , 23.10 , 62.0
2024/5/14 6:0:0 , 23.20 , 62.0
2024/5/14 6:30:0 , 23.50 , 63.0
2024/5/14 7:0:0 , 23.90 , 62.0
2024/5/14 7:30:0 , 24.70 , 60.0
2024/5/14 8:0:0 , 25.20 , 59.0
2024/5/14 8:30:0 , 25.50 , 59.0
2024/5/14 9:0:0 , 25.60 , 58.0
2024/5/14 9:30:0 , 25.80 , 58.0
2024/5/14 10:0:0 , 25.90 , 58.0
2024/5/14 10:30:0 , 26.0 , 57.0
2024/5/14 11:0:0 , 26.0 , 57.0
2024/5/14 11:30:0 , 26.10 , 56.0
2024/5/14 12:0:0 , 26.40 , 56.0
2024/5/14 12:30:0 , 26.50 , 57.0
2024/5/14 13:0:0 , 26.70 , 57.0
2024/5/14 13:30:0 , 26.80 , 56.0
2024/5/14 14:0:0 , 26.80 , 56.0
2024/5/14 14:30:0 , 26.90 , 55.0
2024/5/14 15:0:0 , 26.90 , 52.0
2024/5/14 15:30:0 , 26.90 , 53.0
2024/5/14 16:0:0 , 26.80 , 53.0
2024/5/14 16:30:0 , 26.80 , 54.0
2024/5/14 17:0:0 , 26.80 , 55.0
2024/5/14 17:30:0 , 26.70 , 56.0
2024/5/14 18:0:0 , 26.70 , 56.0
2024/5/14 18:30:0 , 26.70 , 57.0
2024/5/14 19:0:0 , 26.60 , 57.0
2024/5/14 19:30:0 , 26.70 , 59.0
2024/5/14 20:0:0 , 26.60 , 59.0
2024/5/14 20:30:0 , 26.60 , 60.0
2024/5/14 21:0:0 , 26.50 , 62.0
2024/5/14 21:30:0 , 26.50 , 64.0
2024/5/14 22:0:0 , 26.40 , 64.0
2024/5/14 22:30:0 , 26.40 , 65.0
2024/5/14 23:0:0 , 26.40 , 66.0
2024/5/14 23:30:0 , 26.30 , 66.0
2024/5/15 0:0:0 , 26.30 , 66.0
2024/5/15 0:30:0 , 26.0 , 62.0
2024/5/15 1:0:0 , 25.80 , 64.0
2024/5/15 1:30:0 , 25.60 , 65.0
2024/5/15 2:0:0 , 25.40 , 65.0
2024/5/15 2:30:0 , 25.30 , 66.0
2024/5/15 3:0:0 , 25.10 , 66.0
2024/5/15 3:30:0 , 25.0 , 66.0
2024/5/15 4:0:0 , 24.90 , 66.0
2024/5/15 4:30:0 , 24.90 , 67.0
2024/5/15 5:0:0 , 24.80 , 67.0
2024/5/15 5:30:0 , 24.70 , 67.0
2024/5/15 6:0:0 , 24.80 , 66.0
2024/5/15 6:30:0 , 25.0 , 66.0
2024/5/15 7:0:0 , 25.20 , 62.0
2024/5/15 7:30:0 , 25.80 , 63.0
2024/5/15 8:0:0 , 26.10 , 62.0
2024/5/15 8:30:0 , 26.30 , 62.0
2024/5/15 9:0:0 , 26.40 , 61.0
2024/5/15 9:30:0 , 26.40 , 55.0
2024/5/15 10:0:0 , 26.60 , 53.0
2024/5/15 10:30:0 , 27.20 , 51.0
2024/5/15 11:0:0 , 27.30 , 51.0
2024/5/15 11:30:0 , 27.40 , 51.0
2024/5/15 12:0:0 , 27.50 , 55.0
2024/5/15 12:30:0 , 27.70 , 57.0
2024/5/15 13:0:0 , 27.50 , 57.0
2024/5/15 13:30:0 , 27.40 , 57.0
2024/5/15 14:0:0 , 27.50 , 57.0
2024/5/15 14:30:0 , 27.50 , 57.0
2024/5/15 15:0:0 , 27.50 , 56.0
2024/5/15 15:30:0 , 27.60 , 54.0
2024/5/15 16:0:0 , 27.60 , 52.0
2024/5/15 16:30:0 , 27.60 , 50.0
2024/5/15 17:0:0 , 27.60 , 49.0
2024/5/15 17:30:0 , 27.40 , 49.0
2024/5/15 18:0:0 , 27.40 , 48.0
2024/5/15 18:30:0 , 27.40 , 49.0
2024/5/15 19:0:0 , 27.20 , 45.0
2024/5/15 19:30:0 , 26.90 , 45.0
2024/5/15 20:0:0 , 26.70 , 44.0
2024/5/15 20:30:0 , 26.60 , 43.0
2024/5/15 21:0:0 , 26.40 , 43.0
2024/5/15 21:30:0 , 26.10 , 43.0
2024/5/15 22:0:0 , 25.90 , 43.0
2024/5/15 22:30:0 , 25.90 , 43.0
2024/5/15 23:0:0 , 25.70 , 43.0
2024/5/15 23:30:0 , 25.50 , 44.0
2024/5/16 0:0:0 , 25.50 , 46.0
2024/5/16 0:30:0 , 25.60 , 48.0
2024/5/16 1:0:0 , 25.60 , 48.0
2024/5/16 1:30:0 , 25.40 , 48.0
2024/5/16 2:0:0 , 25.20 , 50.0
2024/5/16 2:30:0 , 25.0 , 50.0
2024/5/16 3:0:0 , 25.0 , 52.0
2024/5/16 3:30:0 , 24.80 , 53.0
2024/5/16 4:0:0 , 24.80 , 54.0
2024/5/16 4:30:0 , 24.70 , 55.0
2024/5/16 5:0:0 , 24.50 , 55.0
2024/5/16 5:30:0 , 24.50 , 56.0
2024/5/16 6:0:0 , 24.40 , 54.0
2024/5/16 6:30:0 , 24.60 , 55.0
2024/5/16 7:0:0 , 24.90 , 52.0
2024/5/16 7:30:0 , 25.70 , 52.0
2024/5/16 8:0:0 , 26.0 , 51.0
2024/5/16 8:30:0 , 26.30 , 51.0
2024/5/16 9:0:0 , 26.50 , 51.0
2024/5/16 9:30:0 , 26.60 , 51.0
2024/5/16 10:0:0 , 26.80 , 50.0
2024/5/16 10:30:0 , 27.10 , 51.0
2024/5/16 11:0:0 , 27.20 , 51.0
2024/5/16 11:30:0 , 27.20 , 51.0
2024/5/16 12:0:0 , 27.20 , 52.0
2024/5/16 12:30:0 , 27.20 , 52.0
2024/5/16 13:0:0 , 27.20 , 52.0
2024/5/16 13:30:0 , 27.30 , 53.0
2024/5/16 14:0:0 , 27.50 , 53.0
2024/5/16 14:30:0 , 27.50 , 53.0
2024/5/16 15:0:0 , 27.60 , 54.0
2024/5/16 15:30:0 , 27.60 , 53.0
2024/5/16 16:0:0 , 27.60 , 54.0
2024/5/16 16:30:0 , 27.70 , 54.0
2024/5/16 17:0:0 , 27.90 , 55.0
2024/5/16 17:30:0 , 27.90 , 55.0
2024/5/16 18:0:0 , 27.70 , 56.0
2024/5/16 18:30:0 , 27.50 , 57.0
2024/5/16 19:0:0 , 27.40 , 58.0
2024/5/16 19:30:0 , 27.30 , 58.0
2024/5/16 20:0:0 , 27.30 , 59.0
2024/5/16 20:30:0 , 27.10 , 62.0
2024/5/16 21:0:0 , 27.10 , 64.0
2024/5/16 21:30:0 , 27.0 , 63.0
2024/5/16 22:0:0 , 26.90 , 63.0
2024/5/16 22:30:0 , 26.90 , 64.0
2024/5/16 23:0:0 , 26.80 , 64.0
2024/5/16 23:30:0 , 26.80 , 64.0
2024/5/17 0:0:0 , 26.70 , 64.0
2024/5/17 0:30:0 , 26.50 , 65.0
2024/5/17 1:0:0 , 26.10 , 66.0
2024/5/17 1:30:0 , 26.0 , 67.0
2024/5/17 2:0:0 , 25.80 , 68.0
2024/5/17 2:30:0 , 25.60 , 68.0
2024/5/17 3:0:0 , 25.50 , 67.0
2024/5/17 3:30:0 , 25.40 , 67.0
2024/5/17 4:0:0 , 25.30 , 66.0
2024/5/17 4:30:0 , 25.30 , 67.0
2024/5/17 5:0:0 , 25.20 , 66.0
2024/5/17 5:30:0 , 25.10 , 67.0
2024/5/17 6:0:0 , 25.10 , 66.0
2024/5/17 6:30:0 , 25.30 , 67.0
2024/5/17 7:0:0 , 25.60 , 67.0
2024/5/17 7:30:0 , 26.20 , 64.0
2024/5/17 8:0:0 , 26.60 , 63.0
2024/5/17 8:30:0 , 26.80 , 61.0
2024/5/17 9:0:0 , 26.90 , 61.0
2024/5/17 9:30:0 , 27.10 , 60.0
2024/5/17 10:0:0 , 27.30 , 63.0
2024/5/17 10:30:0 , 27.50 , 61.0
2024/5/17 11:0:0 , 27.70 , 58.0
2024/5/17 11:30:0 , 27.80 , 59.0
2024/5/17 12:0:0 , 27.80 , 58.0
2024/5/17 12:30:0 , 27.90 , 57.0
2024/5/17 13:0:0 , 27.90 , 55.0
2024/5/17 13:30:0 , 27.90 , 56.0
2024/5/17 14:0:0 , 27.80 , 59.0
2024/5/17 14:30:0 , 28.0 , 58.0
2024/5/17 15:0:0 , 28.30 , 56.0
2024/5/17 15:30:0 , 28.50 , 55.0
2024/5/17 16:0:0 , 28.50 , 55.0
2024/5/17 16:30:0 , 28.60 , 54.0
2024/5/17 17:0:0 , 28.60 , 55.0
2024/5/17 17:30:0 , 28.60 , 56.0
2024/5/17 18:0:0 , 28.40 , 55.0
2024/5/17 18:30:0 , 28.50 , 57.0
2024/5/17 19:0:0 , 28.30 , 57.0
2024/5/17 19:30:0 , 28.20 , 57.0
2024/5/17 20:0:0 , 28.20 , 60.0
